,sku_id,sku_name,period,quantity,net_sales
0,101643,INVISZINC JUNIOR SPF50 60G,2024-01,"1,212","-7,187"
1,101643,INVISZINC JUNIOR SPF50 60G,2024-02,"2,004","5,626"
2,101643,INVISZINC JUNIOR SPF50 60G,2024-03,372,"2,807"
3,101643,INVISZINC JUNIOR SPF50 60G,2024-04,208,"-4,599"
4,101643,INVISZINC JUNIOR SPF50 60G,2024-05,24,-199
5,101643,INVISZINC JUNIOR SPF50 60G,2024-06,648,"4,668"
6,101643,INVISZINC JUNIOR SPF50 60G,2024-07,240,"1,174"
7,101643,INVISZINC JUNIOR SPF50 60G,2024-08,"1,794","19,621"
8,101643,INVISZINC JUNIOR SPF50 60G,2024-09,"2,496","19,578"
9,101643,INVISZINC JUNIOR SPF50 60G,2024-10,"4,446","34,080"
10,101643,INVISZINC JUNIOR SPF50 60G,2024-11,"3,554","22,300"
11,101643,INVISZINC JUNIOR SPF50 60G,2024-12,"3,078","21,941"
12,101643,INVISZINC JUNIOR SPF50 60G,2025-01,"3,186","19,917"
13,101643,INVISZINC JUNIOR SPF50 60G,2025-02,"1,362","10,496"
14,101643,INVISZINC JUNIOR SPF50 60G,2025-03,558,"-6,186"
15,101643,INVISZINC JUNIOR SPF50 60G,2025-04,475,"-9,191"
16,101643,INVISZINC JUNIOR SPF50 60G,2025-05,186,-125
17,101643,INVISZINC JUNIOR SPF50 60G,2025-06,192,"2,547"
18,101643,INVISZINC JUNIOR SPF50 60G,2025-07,474,"3,199"
19,101643,INVISZINC JUNIOR SPF50 60G,2025-08,"1,182","9,266"
20,101643,INVISZINC JUNIOR SPF50 60G,2025-09,"3,955","30,782"
21,101643,INVISZINC JUNIOR SPF50 60G,2025-10,"5,537","42,613"
22,101643,INVISZINC JUNIOR SPF50 60G,2025-11,"7,554","46,335"
23,101643,INVISZINC JUNIOR SPF50 60G,2025-12,"2,803","53,586"
24,101643,INVISZINC JUNIOR SPF50 60G,2026-01,"3,228","21,486"
25,101643,INVISZINC JUNIOR SPF50 60G,2026-02,"1,011","-4,917"
26,101643,INVISZINC JUNIOR SPF50 60G,2026-03,228,"5,465"
27,103343,INVISZINC FACE & BODY SPF50 75G GR,2024-01,"2,747","-7,442"
28,103343,INVISZINC FACE & BODY SPF50 75G GR,2024-02,"2,728","14,075"
29,103343,INVISZINC FACE & BODY SPF50 75G GR,2024-03,"1,186","30,607"
30,103343,INVISZINC FACE & BODY SPF50 75G GR,2024-04,590,"-6,033"
31,103343,INVISZINC FACE & BODY SPF50 75G GR,2024-05,"1,238","11,617"
32,103343,INVISZINC FACE & BODY SPF50 75G GR,2024-06,349,"3,745"
33,103343,INVISZINC FACE & BODY SPF50 75G GR,2024-07,"1,340","9,521"
34,103343,INVISZINC FACE & BODY SPF50 75G GR,2024-08,"3,137","36,224"
35,103343,INVISZINC FACE & BODY SPF50 75G GR,2024-09,"5,969","47,697"
36,103343,INVISZINC FACE & BODY SPF50 75G GR,2024-10,"5,280","40,654"
37,103343,INVISZINC FACE & BODY SPF50 75G GR,2024-11,"7,623","54,287"
38,103343,INVISZINC FACE & BODY SPF50 75G GR,2024-12,"5,554","39,113"
39,103343,INVISZINC FACE & BODY SPF50 75G GR,2025-01,"5,732","37,636"
40,103343,INVISZINC FACE & BODY SPF50 75G GR,2025-02,"1,800","55,078"
41,103343,INVISZINC FACE & BODY SPF50 75G GR,2025-03,995,"-10,417"
42,103343,INVISZINC FACE & BODY SPF50 75G GR,2025-04,709,"-8,869"
43,103343,INVISZINC FACE & BODY SPF50 75G GR,2025-05,605,"2,287"
44,103343,INVISZINC FACE & BODY SPF50 75G GR,2025-06,740,"8,295"
45,103343,INVISZINC FACE & BODY SPF50 75G GR,2025-07,"1,018","7,672"
46,103343,INVISZINC FACE & BODY SPF50 75G GR,2025-08,"3,966","32,632"
47,103343,INVISZINC FACE & BODY SPF50 75G GR,2025-09,"5,758","46,496"
48,103343,INVISZINC FACE & BODY SPF50 75G GR,2025-10,"9,589","79,702"
49,103343,INVISZINC FACE & BODY SPF50 75G GR,2025-11,"9,258","110,955"
50,103343,INVISZINC FACE & BODY SPF50 75G GR,2025-12,"11,067","121,247"
51,103343,INVISZINC FACE & BODY SPF50 75G GR,2026-01,"3,028","11,142"
52,103343,INVISZINC FACE & BODY SPF50 75G GR,2026-02,6,"-39,397"
53,103343,INVISZINC FACE & BODY SPF50 75G GR,2026-03,-200,-727
54,103344,INVISZINC FACE & BODY SPF50 150G GR,2024-01,"2,251","39,219"
55,103344,INVISZINC FACE & BODY SPF50 150G GR,2024-02,"1,495","11,368"
56,103344,INVISZINC FACE & BODY SPF50 150G GR,2024-03,862,"15,855"
57,103344,INVISZINC FACE & BODY SPF50 150G GR,2024-04,664,"3,522"
58,103344,INVISZINC FACE & BODY SPF50 150G GR,2024-05,652,"3,810"
59,103344,INVISZINC FACE & BODY SPF50 150G GR,2024-06,572,"12,746"
60,103344,INVISZINC FACE & BODY SPF50 150G GR,2024-07,846,"14,924"
61,103344,INVISZINC FACE & BODY SPF50 150G GR,2024-08,"2,694","37,147"
62,103344,INVISZINC FACE & BODY SPF50 150G GR,2024-09,"2,938","28,889"
63,103344,INVISZINC FACE & BODY SPF50 150G GR,2024-10,"4,052","44,813"
64,103344,INVISZINC FACE & BODY SPF50 150G GR,2024-11,"4,332","51,279"
65,103344,INVISZINC FACE & BODY SPF50 150G GR,2024-12,"6,833","102,692"
66,103344,INVISZINC FACE & BODY SPF50 150G GR,2025-01,"2,580","26,649"
67,103344,INVISZINC FACE & BODY SPF50 150G GR,2025-02,"1,241","18,791"
68,103344,INVISZINC FACE & BODY SPF50 150G GR,2025-03,750,"11,551"
69,103344,INVISZINC FACE & BODY SPF50 150G GR,2025-04,982,"11,111"
70,103344,INVISZINC FACE & BODY SPF50 150G GR,2025-05,290,"10,539"
71,103344,INVISZINC FACE & BODY SPF50 150G GR,2025-06,804,"17,314"
72,103344,INVISZINC FACE & BODY SPF50 150G GR,2025-07,596,"8,376"
73,103344,INVISZINC FACE & BODY SPF50 150G GR,2025-08,"1,586","14,030"
74,103344,INVISZINC FACE & BODY SPF50 150G GR,2025-09,"4,813","9,693"
75,103344,INVISZINC FACE & BODY SPF50 150G GR,2025-10,"11,230","108,413"
76,103344,INVISZINC FACE & BODY SPF50 150G GR,2025-11,"10,479","116,204"
77,103344,INVISZINC FACE & BODY SPF50 150G GR,2025-12,"3,944","57,847"
78,103344,INVISZINC FACE & BODY SPF50 150G GR,2026-01,"5,807","68,123"
79,103344,INVISZINC FACE & BODY SPF50 150G GR,2026-02,"1,626","42,721"
80,103344,INVISZINC FACE & BODY SPF50 150G GR,2026-03,464,"-1,918"
81,104086,DIFFLAM LEMON LOZ 180S MY,2024-01,0,0
82,104086,DIFFLAM LEMON LOZ 180S MY,2024-02,0,0
83,104086,DIFFLAM LEMON LOZ 180S MY,2024-03,0,0
84,104086,DIFFLAM LEMON LOZ 180S MY,2024-04,0,0
85,104086,DIFFLAM LEMON LOZ 180S MY,2024-05,0,0
86,104086,DIFFLAM LEMON LOZ 180S MY,2024-06,0,0
87,104086,DIFFLAM LEMON LOZ 180S MY,2024-07,0,0
88,104086,DIFFLAM LEMON LOZ 180S MY,2024-08,0,0
89,104086,DIFFLAM LEMON LOZ 180S MY,2024-09,0,0
90,104086,DIFFLAM LEMON LOZ 180S MY,2024-10,0,0
91,104086,DIFFLAM LEMON LOZ 180S MY,2024-11,0,0
92,104086,DIFFLAM LEMON LOZ 180S MY,2024-12,0,0
93,104086,DIFFLAM LEMON LOZ 180S MY,2025-01,0,0
94,104086,DIFFLAM LEMON LOZ 180S MY,2025-02,0,0
95,104086,DIFFLAM LEMON LOZ 180S MY,2025-03,0,0
96,104086,DIFFLAM LEMON LOZ 180S MY,2025-04,0,0
97,104086,DIFFLAM LEMON LOZ 180S MY,2025-05,"1,216","113,047"
98,104086,DIFFLAM LEMON LOZ 180S MY,2025-06,688,"63,960"
99,104086,DIFFLAM LEMON LOZ 180S MY,2025-07,320,"29,749"
100,104086,DIFFLAM LEMON LOZ 180S MY,2025-08,0,0
101,104086,DIFFLAM LEMON LOZ 180S MY,2025-09,0,0
102,104086,DIFFLAM LEMON LOZ 180S MY,2025-10,256,"23,799"
103,104086,DIFFLAM LEMON LOZ 180S MY,2025-11,320,"29,749"
104,104086,DIFFLAM LEMON LOZ 180S MY,2025-12,192,"17,849"
105,104086,DIFFLAM LEMON LOZ 180S MY,2026-01,192,"17,850"
106,104086,DIFFLAM LEMON LOZ 180S MY,2026-02,192,"17,849"
107,104086,DIFFLAM LEMON LOZ 180S MY,2026-03,480,"44,623"
108,104191,DIFFLAM HEXTRA PURPLEGRAPE LOZ 12 PH,2024-01,0,0
109,104191,DIFFLAM HEXTRA PURPLEGRAPE LOZ 12 PH,2024-02,0,0
110,104191,DIFFLAM HEXTRA PURPLEGRAPE LOZ 12 PH,2024-03,0,0
111,104191,DIFFLAM HEXTRA PURPLEGRAPE LOZ 12 PH,2024-04,0,0
112,104191,DIFFLAM HEXTRA PURPLEGRAPE LOZ 12 PH,2024-05,0,0
113,104191,DIFFLAM HEXTRA PURPLEGRAPE LOZ 12 PH,2024-06,0,0
114,104191,DIFFLAM HEXTRA PURPLEGRAPE LOZ 12 PH,2024-07,0,0
115,104191,DIFFLAM HEXTRA PURPLEGRAPE LOZ 12 PH,2024-08,0,0
116,104191,DIFFLAM HEXTRA PURPLEGRAPE LOZ 12 PH,2024-09,0,0
117,104191,DIFFLAM HEXTRA PURPLEGRAPE LOZ 12 PH,2024-10,0,0
118,104191,DIFFLAM HEXTRA PURPLEGRAPE LOZ 12 PH,2024-11,0,0
119,104191,DIFFLAM HEXTRA PURPLEGRAPE LOZ 12 PH,2024-12,0,0
120,104191,DIFFLAM HEXTRA PURPLEGRAPE LOZ 12 PH,2025-01,0,0
121,104191,DIFFLAM HEXTRA PURPLEGRAPE LOZ 12 PH,2025-02,0,0
122,104191,DIFFLAM HEXTRA PURPLEGRAPE LOZ 12 PH,2025-03,"36,000","142,916"
123,104191,DIFFLAM HEXTRA PURPLEGRAPE LOZ 12 PH,2025-04,0,0
124,104191,DIFFLAM HEXTRA PURPLEGRAPE LOZ 12 PH,2025-05,"22,920","90,990"
125,104191,DIFFLAM HEXTRA PURPLEGRAPE LOZ 12 PH,2025-06,"5,040","20,008"
126,104191,DIFFLAM HEXTRA PURPLEGRAPE LOZ 12 PH,2025-07,0,0
127,104191,DIFFLAM HEXTRA PURPLEGRAPE LOZ 12 PH,2025-08,"10,800","43,000"
128,104191,DIFFLAM HEXTRA PURPLEGRAPE LOZ 12 PH,2025-09,0,0
129,104191,DIFFLAM HEXTRA PURPLEGRAPE LOZ 12 PH,2025-10,0,0
130,104191,DIFFLAM HEXTRA PURPLEGRAPE LOZ 12 PH,2025-11,0,0
131,104191,DIFFLAM HEXTRA PURPLEGRAPE LOZ 12 PH,2025-12,0,0
132,104191,DIFFLAM HEXTRA PURPLEGRAPE LOZ 12 PH,2026-01,0,0
133,104191,DIFFLAM HEXTRA PURPLEGRAPE LOZ 12 PH,2026-02,0,0
134,104191,DIFFLAM HEXTRA PURPLEGRAPE LOZ 12 PH,2026-03,0,0
135,104599,DIFFLAM HL PROPOLIS HHR LOZ 24X8 TH,2024-01,0,0
136,104599,DIFFLAM HL PROPOLIS HHR LOZ 24X8 TH,2024-02,0,0
137,104599,DIFFLAM HL PROPOLIS HHR LOZ 24X8 TH,2024-03,0,0
138,104599,DIFFLAM HL PROPOLIS HHR LOZ 24X8 TH,2024-04,0,0
139,104599,DIFFLAM HL PROPOLIS HHR LOZ 24X8 TH,2024-05,0,0
140,104599,DIFFLAM HL PROPOLIS HHR LOZ 24X8 TH,2024-06,0,0
141,104599,DIFFLAM HL PROPOLIS HHR LOZ 24X8 TH,2024-07,0,0
142,104599,DIFFLAM HL PROPOLIS HHR LOZ 24X8 TH,2024-08,0,0
143,104599,DIFFLAM HL PROPOLIS HHR LOZ 24X8 TH,2024-09,0,0
144,104599,DIFFLAM HL PROPOLIS HHR LOZ 24X8 TH,2024-10,0,0
145,104599,DIFFLAM HL PROPOLIS HHR LOZ 24X8 TH,2024-11,0,0
146,104599,DIFFLAM HL PROPOLIS HHR LOZ 24X8 TH,2024-12,0,0
147,104599,DIFFLAM HL PROPOLIS HHR LOZ 24X8 TH,2025-01,0,0
148,104599,DIFFLAM HL PROPOLIS HHR LOZ 24X8 TH,2025-02,0,0
149,104599,DIFFLAM HL PROPOLIS HHR LOZ 24X8 TH,2025-03,0,0
150,104599,DIFFLAM HL PROPOLIS HHR LOZ 24X8 TH,2025-04,0,0
151,104599,DIFFLAM HL PROPOLIS HHR LOZ 24X8 TH,2025-05,"11,443","318,230"
152,104599,DIFFLAM HL PROPOLIS HHR LOZ 24X8 TH,2025-06,"12,659","352,047"
153,104599,DIFFLAM HL PROPOLIS HHR LOZ 24X8 TH,2025-07,0,0
154,104599,DIFFLAM HL PROPOLIS HHR LOZ 24X8 TH,2025-08,"11,520","320,371"
155,104599,DIFFLAM HL PROPOLIS HHR LOZ 24X8 TH,2025-09,-13,-362
156,104599,DIFFLAM HL PROPOLIS HHR LOZ 24X8 TH,2025-10,"6,911","192,195"
157,104599,DIFFLAM HL PROPOLIS HHR LOZ 24X8 TH,2025-11,0,0
158,104599,DIFFLAM HL PROPOLIS HHR LOZ 24X8 TH,2025-12,-3,-83
159,104599,DIFFLAM HL PROPOLIS HHR LOZ 24X8 TH,2026-01,-30,-834
160,104599,DIFFLAM HL PROPOLIS HHR LOZ 24X8 TH,2026-02,"5,748","159,852"
161,104599,DIFFLAM HL PROPOLIS HHR LOZ 24X8 TH,2026-03,0,0
162,104600,DIFFLAM ORANGE+VIT C HHR LOZ 24X8 TH,2024-01,0,0
163,104600,DIFFLAM ORANGE+VIT C HHR LOZ 24X8 TH,2024-02,0,0
164,104600,DIFFLAM ORANGE+VIT C HHR LOZ 24X8 TH,2024-03,0,0
165,104600,DIFFLAM ORANGE+VIT C HHR LOZ 24X8 TH,2024-04,0,0
166,104600,DIFFLAM ORANGE+VIT C HHR LOZ 24X8 TH,2024-05,0,0
167,104600,DIFFLAM ORANGE+VIT C HHR LOZ 24X8 TH,2024-06,0,0
168,104600,DIFFLAM ORANGE+VIT C HHR LOZ 24X8 TH,2024-07,0,0
169,104600,DIFFLAM ORANGE+VIT C HHR LOZ 24X8 TH,2024-08,0,0
170,104600,DIFFLAM ORANGE+VIT C HHR LOZ 24X8 TH,2024-09,0,0
171,104600,DIFFLAM ORANGE+VIT C HHR LOZ 24X8 TH,2024-10,0,0
172,104600,DIFFLAM ORANGE+VIT C HHR LOZ 24X8 TH,2024-11,0,0
173,104600,DIFFLAM ORANGE+VIT C HHR LOZ 24X8 TH,2024-12,0,0
174,104600,DIFFLAM ORANGE+VIT C HHR LOZ 24X8 TH,2025-01,0,0
175,104600,DIFFLAM ORANGE+VIT C HHR LOZ 24X8 TH,2025-02,0,0
176,104600,DIFFLAM ORANGE+VIT C HHR LOZ 24X8 TH,2025-03,0,0
177,104600,DIFFLAM ORANGE+VIT C HHR LOZ 24X8 TH,2025-04,0,0
178,104600,DIFFLAM ORANGE+VIT C HHR LOZ 24X8 TH,2025-05,"9,983","277,627"
179,104600,DIFFLAM ORANGE+VIT C HHR LOZ 24X8 TH,2025-06,"13,041","362,671"
180,104600,DIFFLAM ORANGE+VIT C HHR LOZ 24X8 TH,2025-07,0,0
181,104600,DIFFLAM ORANGE+VIT C HHR LOZ 24X8 TH,2025-08,"11,112","309,025"
182,104600,DIFFLAM ORANGE+VIT C HHR LOZ 24X8 TH,2025-09,-13,-362
183,104600,DIFFLAM ORANGE+VIT C HHR LOZ 24X8 TH,2025-10,"5,039","140,135"
184,104600,DIFFLAM ORANGE+VIT C HHR LOZ 24X8 TH,2025-11,0,0
185,104600,DIFFLAM ORANGE+VIT C HHR LOZ 24X8 TH,2025-12,-3,-83
186,104600,DIFFLAM ORANGE+VIT C HHR LOZ 24X8 TH,2026-01,-30,-834
187,104600,DIFFLAM ORANGE+VIT C HHR LOZ 24X8 TH,2026-02,-12,-334
188,104600,DIFFLAM ORANGE+VIT C HHR LOZ 24X8 TH,2026-03,"3,024","84,098"
189,104639,DIFFLAM 1.5MG CHILDREN SPRAY 30ML TH,2024-01,0,0
190,104639,DIFFLAM 1.5MG CHILDREN SPRAY 30ML TH,2024-02,0,0
191,104639,DIFFLAM 1.5MG CHILDREN SPRAY 30ML TH,2024-03,0,0
192,104639,DIFFLAM 1.5MG CHILDREN SPRAY 30ML TH,2024-04,0,0
193,104639,DIFFLAM 1.5MG CHILDREN SPRAY 30ML TH,2024-05,0,0
194,104639,DIFFLAM 1.5MG CHILDREN SPRAY 30ML TH,2024-06,0,0
195,104639,DIFFLAM 1.5MG CHILDREN SPRAY 30ML TH,2024-07,0,0
196,104639,DIFFLAM 1.5MG CHILDREN SPRAY 30ML TH,2024-08,0,0
197,104639,DIFFLAM 1.5MG CHILDREN SPRAY 30ML TH,2024-09,0,0
198,104639,DIFFLAM 1.5MG CHILDREN SPRAY 30ML TH,2024-10,0,0
199,104639,DIFFLAM 1.5MG CHILDREN SPRAY 30ML TH,2024-11,0,0
200,104639,DIFFLAM 1.5MG CHILDREN SPRAY 30ML TH,2024-12,0,0
201,104639,DIFFLAM 1.5MG CHILDREN SPRAY 30ML TH,2025-01,0,0
202,104639,DIFFLAM 1.5MG CHILDREN SPRAY 30ML TH,2025-02,0,0
203,104639,DIFFLAM 1.5MG CHILDREN SPRAY 30ML TH,2025-03,0,0
204,104639,DIFFLAM 1.5MG CHILDREN SPRAY 30ML TH,2025-04,0,0
205,104639,DIFFLAM 1.5MG CHILDREN SPRAY 30ML TH,2025-05,0,0
206,104639,DIFFLAM 1.5MG CHILDREN SPRAY 30ML TH,2025-06,0,0
207,104639,DIFFLAM 1.5MG CHILDREN SPRAY 30ML TH,2025-07,0,0
208,104639,DIFFLAM 1.5MG CHILDREN SPRAY 30ML TH,2025-08,"31,801","286,530"
209,104639,DIFFLAM 1.5MG CHILDREN SPRAY 30ML TH,2025-09,-380,"-3,424"
210,104639,DIFFLAM 1.5MG CHILDREN SPRAY 30ML TH,2025-10,-50,-451
211,104639,DIFFLAM 1.5MG CHILDREN SPRAY 30ML TH,2025-11,-250,"-2,253"
212,104639,DIFFLAM 1.5MG CHILDREN SPRAY 30ML TH,2025-12,"30,643","276,097"
213,104639,DIFFLAM 1.5MG CHILDREN SPRAY 30ML TH,2026-01,-303,"-2,730"
214,104639,DIFFLAM 1.5MG CHILDREN SPRAY 30ML TH,2026-02,-172,"-1,550"
215,104639,DIFFLAM 1.5MG CHILDREN SPRAY 30ML TH,2026-03,0,0
216,104722,DIFFLAM KIDS POPS MANUKA 10S,2024-01,0,0
217,104722,DIFFLAM KIDS POPS MANUKA 10S,2024-02,"14,596","84,677"
218,104722,DIFFLAM KIDS POPS MANUKA 10S,2024-03,"9,692","54,044"
219,104722,DIFFLAM KIDS POPS MANUKA 10S,2024-04,"1,780",119
220,104722,DIFFLAM KIDS POPS MANUKA 10S,2024-05,"20,096","116,702"
221,104722,DIFFLAM KIDS POPS MANUKA 10S,2024-06,"10,356","59,861"
222,104722,DIFFLAM KIDS POPS MANUKA 10S,2024-07,"9,888","62,193"
223,104722,DIFFLAM KIDS POPS MANUKA 10S,2024-08,"4,152","28,037"
224,104722,DIFFLAM KIDS POPS MANUKA 10S,2024-09,"2,456","14,205"
225,104722,DIFFLAM KIDS POPS MANUKA 10S,2024-10,"2,720","17,400"
226,104722,DIFFLAM KIDS POPS MANUKA 10S,2024-11,"3,772","23,468"
227,104722,DIFFLAM KIDS POPS MANUKA 10S,2024-12,"2,392","15,185"
228,104722,DIFFLAM KIDS POPS MANUKA 10S,2025-01,"2,984","15,021"
229,104722,DIFFLAM KIDS POPS MANUKA 10S,2025-02,"9,414","52,597"
230,104722,DIFFLAM KIDS POPS MANUKA 10S,2025-03,"11,432","53,600"
231,104722,DIFFLAM KIDS POPS MANUKA 10S,2025-04,"8,660","44,779"
232,104722,DIFFLAM KIDS POPS MANUKA 10S,2025-05,"5,380","27,803"
233,104722,DIFFLAM KIDS POPS MANUKA 10S,2025-06,"7,124","36,071"
234,104722,DIFFLAM KIDS POPS MANUKA 10S,2025-07,"5,408","29,303"
235,104722,DIFFLAM KIDS POPS MANUKA 10S,2025-08,"7,646","43,093"
236,104722,DIFFLAM KIDS POPS MANUKA 10S,2025-09,"3,713","19,363"
237,104722,DIFFLAM KIDS POPS MANUKA 10S,2025-10,"3,024","16,399"
238,104722,DIFFLAM KIDS POPS MANUKA 10S,2025-11,"1,548","6,982"
239,104722,DIFFLAM KIDS POPS MANUKA 10S,2025-12,"1,960","11,097"
240,104722,DIFFLAM KIDS POPS MANUKA 10S,2026-01,"2,233","11,562"
241,104722,DIFFLAM KIDS POPS MANUKA 10S,2026-02,"9,000","49,020"
242,104722,DIFFLAM KIDS POPS MANUKA 10S,2026-03,"6,784","34,384"
243,104723,DIFFLAM KIDS POPS STRAWBERRY 10S,2024-01,0,0
244,104723,DIFFLAM KIDS POPS STRAWBERRY 10S,2024-02,"14,188","82,188"
245,104723,DIFFLAM KIDS POPS STRAWBERRY 10S,2024-03,"10,869","59,597"
246,104723,DIFFLAM KIDS POPS STRAWBERRY 10S,2024-04,"23,165","136,811"
247,104723,DIFFLAM KIDS POPS STRAWBERRY 10S,2024-05,"11,719","65,374"
248,104723,DIFFLAM KIDS POPS STRAWBERRY 10S,2024-06,"19,492","112,155"
249,104723,DIFFLAM KIDS POPS STRAWBERRY 10S,2024-07,"20,645","136,304"
250,104723,DIFFLAM KIDS POPS STRAWBERRY 10S,2024-08,"14,826","97,004"
251,104723,DIFFLAM KIDS POPS STRAWBERRY 10S,2024-09,"6,338","41,503"
252,104723,DIFFLAM KIDS POPS STRAWBERRY 10S,2024-10,"7,113","46,460"
253,104723,DIFFLAM KIDS POPS STRAWBERRY 10S,2024-11,"9,435","61,017"
254,104723,DIFFLAM KIDS POPS STRAWBERRY 10S,2024-12,"4,432","26,893"
255,104723,DIFFLAM KIDS POPS STRAWBERRY 10S,2025-01,"5,921","38,722"
256,104723,DIFFLAM KIDS POPS STRAWBERRY 10S,2025-02,"14,617","82,231"
257,104723,DIFFLAM KIDS POPS STRAWBERRY 10S,2025-03,"20,354","101,297"
258,104723,DIFFLAM KIDS POPS STRAWBERRY 10S,2025-04,"20,548","106,905"
259,104723,DIFFLAM KIDS POPS STRAWBERRY 10S,2025-05,"13,056","66,554"
260,104723,DIFFLAM KIDS POPS STRAWBERRY 10S,2025-06,"14,416","73,087"
261,104723,DIFFLAM KIDS POPS STRAWBERRY 10S,2025-07,"19,452","110,867"
262,104723,DIFFLAM KIDS POPS STRAWBERRY 10S,2025-08,"16,702","96,083"
263,104723,DIFFLAM KIDS POPS STRAWBERRY 10S,2025-09,"5,368","23,890"
264,104723,DIFFLAM KIDS POPS STRAWBERRY 10S,2025-10,"16,068","88,693"
265,104723,DIFFLAM KIDS POPS STRAWBERRY 10S,2025-11,"7,240","36,880"
266,104723,DIFFLAM KIDS POPS STRAWBERRY 10S,2025-12,"5,546","31,370"
267,104723,DIFFLAM KIDS POPS STRAWBERRY 10S,2026-01,"5,102","26,161"
268,104723,DIFFLAM KIDS POPS STRAWBERRY 10S,2026-02,"15,217","81,952"
269,104723,DIFFLAM KIDS POPS STRAWBERRY 10S,2026-03,"6,155","29,603"
270,104733,DURO-TUSS DRY NIGHT TIME LIQ 200ML,2024-01,0,0
271,104733,DURO-TUSS DRY NIGHT TIME LIQ 200ML,2024-02,0,0
272,104733,DURO-TUSS DRY NIGHT TIME LIQ 200ML,2024-03,0,0
273,104733,DURO-TUSS DRY NIGHT TIME LIQ 200ML,2024-04,0,0
274,104733,DURO-TUSS DRY NIGHT TIME LIQ 200ML,2024-05,0,0
275,104733,DURO-TUSS DRY NIGHT TIME LIQ 200ML,2024-06,0,0
276,104733,DURO-TUSS DRY NIGHT TIME LIQ 200ML,2024-07,0,0
277,104733,DURO-TUSS DRY NIGHT TIME LIQ 200ML,2024-08,0,0
278,104733,DURO-TUSS DRY NIGHT TIME LIQ 200ML,2024-09,0,0
279,104733,DURO-TUSS DRY NIGHT TIME LIQ 200ML,2024-10,0,0
280,104733,DURO-TUSS DRY NIGHT TIME LIQ 200ML,2024-11,0,0
281,104733,DURO-TUSS DRY NIGHT TIME LIQ 200ML,2024-12,0,0
282,104733,DURO-TUSS DRY NIGHT TIME LIQ 200ML,2025-01,0,0
283,104733,DURO-TUSS DRY NIGHT TIME LIQ 200ML,2025-02,0,0
284,104733,DURO-TUSS DRY NIGHT TIME LIQ 200ML,2025-03,0,0
285,104733,DURO-TUSS DRY NIGHT TIME LIQ 200ML,2025-04,0,0
286,104733,DURO-TUSS DRY NIGHT TIME LIQ 200ML,2025-05,0,0
287,104733,DURO-TUSS DRY NIGHT TIME LIQ 200ML,2025-06,0,0
288,104733,DURO-TUSS DRY NIGHT TIME LIQ 200ML,2025-07,"8,021","81,204"
289,104733,DURO-TUSS DRY NIGHT TIME LIQ 200ML,2025-08,"1,956","24,614"
290,104733,DURO-TUSS DRY NIGHT TIME LIQ 200ML,2025-09,"3,753","47,864"
291,104733,DURO-TUSS DRY NIGHT TIME LIQ 200ML,2025-10,"1,599","19,381"
292,104733,DURO-TUSS DRY NIGHT TIME LIQ 200ML,2025-11,"1,056","7,547"
293,104733,DURO-TUSS DRY NIGHT TIME LIQ 200ML,2025-12,426,"4,105"
294,104733,DURO-TUSS DRY NIGHT TIME LIQ 200ML,2026-01,"1,305","13,507"
295,104733,DURO-TUSS DRY NIGHT TIME LIQ 200ML,2026-02,"2,160","21,566"
296,104733,DURO-TUSS DRY NIGHT TIME LIQ 200ML,2026-03,"6,849","66,805"
297,104740,DURO-TUSS DRY COUGH LEMON LOZ 16,2024-01,0,0
298,104740,DURO-TUSS DRY COUGH LEMON LOZ 16,2024-02,0,0
299,104740,DURO-TUSS DRY COUGH LEMON LOZ 16,2024-03,0,0
300,104740,DURO-TUSS DRY COUGH LEMON LOZ 16,2024-04,0,0
301,104740,DURO-TUSS DRY COUGH LEMON LOZ 16,2024-05,0,0
302,104740,DURO-TUSS DRY COUGH LEMON LOZ 16,2024-06,0,0
303,104740,DURO-TUSS DRY COUGH LEMON LOZ 16,2024-07,0,0
304,104740,DURO-TUSS DRY COUGH LEMON LOZ 16,2024-08,0,0
305,104740,DURO-TUSS DRY COUGH LEMON LOZ 16,2024-09,0,0
306,104740,DURO-TUSS DRY COUGH LEMON LOZ 16,2024-10,0,0
307,104740,DURO-TUSS DRY COUGH LEMON LOZ 16,2024-11,0,0
308,104740,DURO-TUSS DRY COUGH LEMON LOZ 16,2024-12,0,0
309,104740,DURO-TUSS DRY COUGH LEMON LOZ 16,2025-01,0,0
310,104740,DURO-TUSS DRY COUGH LEMON LOZ 16,2025-02,0,0
311,104740,DURO-TUSS DRY COUGH LEMON LOZ 16,2025-03,0,0
312,104740,DURO-TUSS DRY COUGH LEMON LOZ 16,2025-04,0,0
313,104740,DURO-TUSS DRY COUGH LEMON LOZ 16,2025-05,0,0
314,104740,DURO-TUSS DRY COUGH LEMON LOZ 16,2025-06,0,0
315,104740,DURO-TUSS DRY COUGH LEMON LOZ 16,2025-07,"12,252","77,753"
316,104740,DURO-TUSS DRY COUGH LEMON LOZ 16,2025-08,"1,860","18,114"
317,104740,DURO-TUSS DRY COUGH LEMON LOZ 16,2025-09,"3,246","29,893"
318,104740,DURO-TUSS DRY COUGH LEMON LOZ 16,2025-10,"1,854","16,155"
319,104740,DURO-TUSS DRY COUGH LEMON LOZ 16,2025-11,"2,208","13,360"
320,104740,DURO-TUSS DRY COUGH LEMON LOZ 16,2025-12,516,"3,821"
321,104740,DURO-TUSS DRY COUGH LEMON LOZ 16,2026-01,"1,176","8,290"
322,104740,DURO-TUSS DRY COUGH LEMON LOZ 16,2026-02,"1,848","12,485"
323,104740,DURO-TUSS DRY COUGH LEMON LOZ 16,2026-03,"4,638","31,185"
324,104759,DIFFLAM WILD BERRY HHR LOZ 24X8 TH,2024-01,0,0
325,104759,DIFFLAM WILD BERRY HHR LOZ 24X8 TH,2024-02,0,0
326,104759,DIFFLAM WILD BERRY HHR LOZ 24X8 TH,2024-03,0,0
327,104759,DIFFLAM WILD BERRY HHR LOZ 24X8 TH,2024-04,0,0
328,104759,DIFFLAM WILD BERRY HHR LOZ 24X8 TH,2024-05,0,0
329,104759,DIFFLAM WILD BERRY HHR LOZ 24X8 TH,2024-06,0,0
330,104759,DIFFLAM WILD BERRY HHR LOZ 24X8 TH,2024-07,0,0
331,104759,DIFFLAM WILD BERRY HHR LOZ 24X8 TH,2024-08,0,0
332,104759,DIFFLAM WILD BERRY HHR LOZ 24X8 TH,2024-09,0,0
333,104759,DIFFLAM WILD BERRY HHR LOZ 24X8 TH,2024-10,0,0
334,104759,DIFFLAM WILD BERRY HHR LOZ 24X8 TH,2024-11,0,0
335,104759,DIFFLAM WILD BERRY HHR LOZ 24X8 TH,2024-12,0,0
336,104759,DIFFLAM WILD BERRY HHR LOZ 24X8 TH,2025-01,0,0
337,104759,DIFFLAM WILD BERRY HHR LOZ 24X8 TH,2025-02,0,0
338,104759,DIFFLAM WILD BERRY HHR LOZ 24X8 TH,2025-03,0,0
339,104759,DIFFLAM WILD BERRY HHR LOZ 24X8 TH,2025-04,0,0
340,104759,DIFFLAM WILD BERRY HHR LOZ 24X8 TH,2025-05,0,0
341,104759,DIFFLAM WILD BERRY HHR LOZ 24X8 TH,2025-06,"21,816","606,704"
342,104759,DIFFLAM WILD BERRY HHR LOZ 24X8 TH,2025-07,0,0
343,104759,DIFFLAM WILD BERRY HHR LOZ 24X8 TH,2025-08,0,0
344,104759,DIFFLAM WILD BERRY HHR LOZ 24X8 TH,2025-09,-13,-362
345,104759,DIFFLAM WILD BERRY HHR LOZ 24X8 TH,2025-10,-4,-111
346,104759,DIFFLAM WILD BERRY HHR LOZ 24X8 TH,2025-11,0,0
347,104759,DIFFLAM WILD BERRY HHR LOZ 24X8 TH,2025-12,-3,-83
348,104759,DIFFLAM WILD BERRY HHR LOZ 24X8 TH,2026-01,-30,-834
349,104759,DIFFLAM WILD BERRY HHR LOZ 24X8 TH,2026-02,-12,-334
350,104759,DIFFLAM WILD BERRY HHR LOZ 24X8 TH,2026-03,"2,304","64,074"
351,104767,ACNE-AID NAT POLLUTION SERUM 30ML TH,2024-01,0,0
352,104767,ACNE-AID NAT POLLUTION SERUM 30ML TH,2024-02,0,0
353,104767,ACNE-AID NAT POLLUTION SERUM 30ML TH,2024-03,0,0
354,104767,ACNE-AID NAT POLLUTION SERUM 30ML TH,2024-04,0,0
355,104767,ACNE-AID NAT POLLUTION SERUM 30ML TH,2024-05,0,0
356,104767,ACNE-AID NAT POLLUTION SERUM 30ML TH,2024-06,0,0
357,104767,ACNE-AID NAT POLLUTION SERUM 30ML TH,2024-07,0,0
358,104767,ACNE-AID NAT POLLUTION SERUM 30ML TH,2024-08,0,0
359,104767,ACNE-AID NAT POLLUTION SERUM 30ML TH,2024-09,0,0
360,104767,ACNE-AID NAT POLLUTION SERUM 30ML TH,2024-10,0,0
361,104767,ACNE-AID NAT POLLUTION SERUM 30ML TH,2024-11,0,0
362,104767,ACNE-AID NAT POLLUTION SERUM 30ML TH,2024-12,0,0
363,104767,ACNE-AID NAT POLLUTION SERUM 30ML TH,2025-01,0,0
364,104767,ACNE-AID NAT POLLUTION SERUM 30ML TH,2025-02,0,0
365,104767,ACNE-AID NAT POLLUTION SERUM 30ML TH,2025-03,0,0
366,104767,ACNE-AID NAT POLLUTION SERUM 30ML TH,2025-04,0,0
367,104767,ACNE-AID NAT POLLUTION SERUM 30ML TH,2025-05,0,0
368,104767,ACNE-AID NAT POLLUTION SERUM 30ML TH,2025-06,0,0
369,104767,ACNE-AID NAT POLLUTION SERUM 30ML TH,2025-07,0,0
370,104767,ACNE-AID NAT POLLUTION SERUM 30ML TH,2025-08,0,0
371,104767,ACNE-AID NAT POLLUTION SERUM 30ML TH,2025-09,0,0
372,104767,ACNE-AID NAT POLLUTION SERUM 30ML TH,2025-10,0,0
373,104767,ACNE-AID NAT POLLUTION SERUM 30ML TH,2025-11,0,0
374,104767,ACNE-AID NAT POLLUTION SERUM 30ML TH,2025-12,"2,400","46,783"
375,104767,ACNE-AID NAT POLLUTION SERUM 30ML TH,2026-01,960,"18,713"
376,104767,ACNE-AID NAT POLLUTION SERUM 30ML TH,2026-02,725,"14,132"
377,104767,ACNE-AID NAT POLLUTION SERUM 30ML TH,2026-03,"1,200","23,392"
378,104768,ACNE-AID NAT POLLUTION CLSER100ML TH,2024-01,0,0
379,104768,ACNE-AID NAT POLLUTION CLSER100ML TH,2024-02,0,0
380,104768,ACNE-AID NAT POLLUTION CLSER100ML TH,2024-03,0,0
381,104768,ACNE-AID NAT POLLUTION CLSER100ML TH,2024-04,0,0
382,104768,ACNE-AID NAT POLLUTION CLSER100ML TH,2024-05,0,0
383,104768,ACNE-AID NAT POLLUTION CLSER100ML TH,2024-06,0,0
384,104768,ACNE-AID NAT POLLUTION CLSER100ML TH,2024-07,0,0
385,104768,ACNE-AID NAT POLLUTION CLSER100ML TH,2024-08,0,0
386,104768,ACNE-AID NAT POLLUTION CLSER100ML TH,2024-09,0,0
387,104768,ACNE-AID NAT POLLUTION CLSER100ML TH,2024-10,0,0
388,104768,ACNE-AID NAT POLLUTION CLSER100ML TH,2024-11,0,0
389,104768,ACNE-AID NAT POLLUTION CLSER100ML TH,2024-12,0,0
390,104768,ACNE-AID NAT POLLUTION CLSER100ML TH,2025-01,0,0
391,104768,ACNE-AID NAT POLLUTION CLSER100ML TH,2025-02,0,0
392,104768,ACNE-AID NAT POLLUTION CLSER100ML TH,2025-03,0,0
393,104768,ACNE-AID NAT POLLUTION CLSER100ML TH,2025-04,0,0
394,104768,ACNE-AID NAT POLLUTION CLSER100ML TH,2025-05,0,0
395,104768,ACNE-AID NAT POLLUTION CLSER100ML TH,2025-06,0,0
396,104768,ACNE-AID NAT POLLUTION CLSER100ML TH,2025-07,0,0
397,104768,ACNE-AID NAT POLLUTION CLSER100ML TH,2025-08,0,0
398,104768,ACNE-AID NAT POLLUTION CLSER100ML TH,2025-09,0,0
399,104768,ACNE-AID NAT POLLUTION CLSER100ML TH,2025-10,0,0
400,104768,ACNE-AID NAT POLLUTION CLSER100ML TH,2025-11,0,0
401,104768,ACNE-AID NAT POLLUTION CLSER100ML TH,2025-12,"9,624","125,067"
402,104768,ACNE-AID NAT POLLUTION CLSER100ML TH,2026-01,"5,088","66,120"
403,104768,ACNE-AID NAT POLLUTION CLSER100ML TH,2026-02,"4,822","62,664"
404,104768,ACNE-AID NAT POLLUTION CLSER100ML TH,2026-03,"3,172","41,221"
405,105701,DURO-TUSS DRY COUGH LEMON LOZ 32,2024-01,0,0
406,105701,DURO-TUSS DRY COUGH LEMON LOZ 32,2024-02,0,0
407,105701,DURO-TUSS DRY COUGH LEMON LOZ 32,2024-03,0,0
408,105701,DURO-TUSS DRY COUGH LEMON LOZ 32,2024-04,0,0
409,105701,DURO-TUSS DRY COUGH LEMON LOZ 32,2024-05,0,0
410,105701,DURO-TUSS DRY COUGH LEMON LOZ 32,2024-06,0,0
411,105701,DURO-TUSS DRY COUGH LEMON LOZ 32,2024-07,0,0
412,105701,DURO-TUSS DRY COUGH LEMON LOZ 32,2024-08,0,0
413,105701,DURO-TUSS DRY COUGH LEMON LOZ 32,2024-09,0,0
414,105701,DURO-TUSS DRY COUGH LEMON LOZ 32,2024-10,0,0
415,105701,DURO-TUSS DRY COUGH LEMON LOZ 32,2024-11,0,0
416,105701,DURO-TUSS DRY COUGH LEMON LOZ 32,2024-12,0,0
417,105701,DURO-TUSS DRY COUGH LEMON LOZ 32,2025-01,0,0
418,105701,DURO-TUSS DRY COUGH LEMON LOZ 32,2025-02,0,0
419,105701,DURO-TUSS DRY COUGH LEMON LOZ 32,2025-03,0,0
420,105701,DURO-TUSS DRY COUGH LEMON LOZ 32,2025-04,0,0
421,105701,DURO-TUSS DRY COUGH LEMON LOZ 32,2025-05,0,0
422,105701,DURO-TUSS DRY COUGH LEMON LOZ 32,2025-06,0,0
423,105701,DURO-TUSS DRY COUGH LEMON LOZ 32,2025-07,"10,680","104,541"
424,105701,DURO-TUSS DRY COUGH LEMON LOZ 32,2025-08,"1,560","22,791"
425,105701,DURO-TUSS DRY COUGH LEMON LOZ 32,2025-09,"2,795","37,271"
426,105701,DURO-TUSS DRY COUGH LEMON LOZ 32,2025-10,"1,260","15,389"
427,105701,DURO-TUSS DRY COUGH LEMON LOZ 32,2025-11,690,"3,968"
428,105701,DURO-TUSS DRY COUGH LEMON LOZ 32,2025-12,160,"1,192"
429,105701,DURO-TUSS DRY COUGH LEMON LOZ 32,2026-01,595,"5,988"
430,105701,DURO-TUSS DRY COUGH LEMON LOZ 32,2026-02,"1,160","11,821"
431,105701,DURO-TUSS DRY COUGH LEMON LOZ 32,2026-03,"3,400","34,368"
432,105733,DV HA PRO VIT B5 HYDRATE SERUM 30ML,2024-01,0,0
433,105733,DV HA PRO VIT B5 HYDRATE SERUM 30ML,2024-02,0,0
434,105733,DV HA PRO VIT B5 HYDRATE SERUM 30ML,2024-03,0,0
435,105733,DV HA PRO VIT B5 HYDRATE SERUM 30ML,2024-04,0,0
436,105733,DV HA PRO VIT B5 HYDRATE SERUM 30ML,2024-05,0,0
437,105733,DV HA PRO VIT B5 HYDRATE SERUM 30ML,2024-06,0,0
438,105733,DV HA PRO VIT B5 HYDRATE SERUM 30ML,2024-07,0,0
439,105733,DV HA PRO VIT B5 HYDRATE SERUM 30ML,2024-08,0,0
440,105733,DV HA PRO VIT B5 HYDRATE SERUM 30ML,2024-09,0,0
441,105733,DV HA PRO VIT B5 HYDRATE SERUM 30ML,2024-10,0,0
442,105733,DV HA PRO VIT B5 HYDRATE SERUM 30ML,2024-11,0,0
443,105733,DV HA PRO VIT B5 HYDRATE SERUM 30ML,2024-12,0,0
444,105733,DV HA PRO VIT B5 HYDRATE SERUM 30ML,2025-01,0,0
445,105733,DV HA PRO VIT B5 HYDRATE SERUM 30ML,2025-02,0,0
446,105733,DV HA PRO VIT B5 HYDRATE SERUM 30ML,2025-03,"6,060","91,982"
447,105733,DV HA PRO VIT B5 HYDRATE SERUM 30ML,2025-04,"2,818","29,086"
448,105733,DV HA PRO VIT B5 HYDRATE SERUM 30ML,2025-05,662,"-2,023"
449,105733,DV HA PRO VIT B5 HYDRATE SERUM 30ML,2025-06,"2,193","35,059"
450,105733,DV HA PRO VIT B5 HYDRATE SERUM 30ML,2025-07,656,"5,968"
451,105733,DV HA PRO VIT B5 HYDRATE SERUM 30ML,2025-08,"1,722","24,807"
452,105733,DV HA PRO VIT B5 HYDRATE SERUM 30ML,2025-09,"2,880","38,973"
453,105733,DV HA PRO VIT B5 HYDRATE SERUM 30ML,2025-10,"6,248","91,351"
454,105733,DV HA PRO VIT B5 HYDRATE SERUM 30ML,2025-11,762,"-9,765"
455,105733,DV HA PRO VIT B5 HYDRATE SERUM 30ML,2025-12,739,"1,760"
456,105733,DV HA PRO VIT B5 HYDRATE SERUM 30ML,2026-01,341,"2,793"
457,105733,DV HA PRO VIT B5 HYDRATE SERUM 30ML,2026-02,"1,121","10,380"
458,105733,DV HA PRO VIT B5 HYDRATE SERUM 30ML,2026-03,"2,220","24,446"
459,105734,DV VIT C NIACIN BRIGHTEN SERUM 30ML,2024-01,0,0
460,105734,DV VIT C NIACIN BRIGHTEN SERUM 30ML,2024-02,0,0
461,105734,DV VIT C NIACIN BRIGHTEN SERUM 30ML,2024-03,0,0
462,105734,DV VIT C NIACIN BRIGHTEN SERUM 30ML,2024-04,0,0
463,105734,DV VIT C NIACIN BRIGHTEN SERUM 30ML,2024-05,0,0
464,105734,DV VIT C NIACIN BRIGHTEN SERUM 30ML,2024-06,0,0
465,105734,DV VIT C NIACIN BRIGHTEN SERUM 30ML,2024-07,0,0
466,105734,DV VIT C NIACIN BRIGHTEN SERUM 30ML,2024-08,0,0
467,105734,DV VIT C NIACIN BRIGHTEN SERUM 30ML,2024-09,0,0
468,105734,DV VIT C NIACIN BRIGHTEN SERUM 30ML,2024-10,0,0
469,105734,DV VIT C NIACIN BRIGHTEN SERUM 30ML,2024-11,0,0
470,105734,DV VIT C NIACIN BRIGHTEN SERUM 30ML,2024-12,0,0
471,105734,DV VIT C NIACIN BRIGHTEN SERUM 30ML,2025-01,0,0
472,105734,DV VIT C NIACIN BRIGHTEN SERUM 30ML,2025-02,0,0
473,105734,DV VIT C NIACIN BRIGHTEN SERUM 30ML,2025-03,"4,080","61,727"
474,105734,DV VIT C NIACIN BRIGHTEN SERUM 30ML,2025-04,"3,270","39,933"
475,105734,DV VIT C NIACIN BRIGHTEN SERUM 30ML,2025-05,542,"-1,211"
476,105734,DV VIT C NIACIN BRIGHTEN SERUM 30ML,2025-06,590,"4,597"
477,105734,DV VIT C NIACIN BRIGHTEN SERUM 30ML,2025-07,"1,890","29,605"
478,105734,DV VIT C NIACIN BRIGHTEN SERUM 30ML,2025-08,"2,498","31,523"
479,105734,DV VIT C NIACIN BRIGHTEN SERUM 30ML,2025-09,"2,564","29,674"
480,105734,DV VIT C NIACIN BRIGHTEN SERUM 30ML,2025-10,"4,968","72,122"
481,105734,DV VIT C NIACIN BRIGHTEN SERUM 30ML,2025-11,"1,825","12,969"
482,105734,DV VIT C NIACIN BRIGHTEN SERUM 30ML,2025-12,872,"7,953"
483,105734,DV VIT C NIACIN BRIGHTEN SERUM 30ML,2026-01,920,"8,069"
484,105734,DV VIT C NIACIN BRIGHTEN SERUM 30ML,2026-02,"1,726","14,265"
485,105734,DV VIT C NIACIN BRIGHTEN SERUM 30ML,2026-03,"2,745","30,584"
486,105767,DEMAZIN ALLERGY + HAYFEVER TAB 110,2024-01,0,0
487,105767,DEMAZIN ALLERGY + HAYFEVER TAB 110,2024-02,0,0
488,105767,DEMAZIN ALLERGY + HAYFEVER TAB 110,2024-03,0,0
489,105767,DEMAZIN ALLERGY + HAYFEVER TAB 110,2024-04,0,0
490,105767,DEMAZIN ALLERGY + HAYFEVER TAB 110,2024-05,0,0
491,105767,DEMAZIN ALLERGY + HAYFEVER TAB 110,2024-06,0,0
492,105767,DEMAZIN ALLERGY + HAYFEVER TAB 110,2024-07,0,0
493,105767,DEMAZIN ALLERGY + HAYFEVER TAB 110,2024-08,0,0
494,105767,DEMAZIN ALLERGY + HAYFEVER TAB 110,2024-09,"18,336","228,610"
495,105767,DEMAZIN ALLERGY + HAYFEVER TAB 110,2024-10,"9,888","134,375"
496,105767,DEMAZIN ALLERGY + HAYFEVER TAB 110,2024-11,"7,200","13,749"
497,105767,DEMAZIN ALLERGY + HAYFEVER TAB 110,2024-12,"4,896","66,152"
498,105767,DEMAZIN ALLERGY + HAYFEVER TAB 110,2025-01,"3,024","3,490"
499,105767,DEMAZIN ALLERGY + HAYFEVER TAB 110,2025-02,"6,096","77,835"
500,105767,DEMAZIN ALLERGY + HAYFEVER TAB 110,2025-03,"5,952","80,457"
501,105767,DEMAZIN ALLERGY + HAYFEVER TAB 110,2025-04,"5,760","76,525"
502,105767,DEMAZIN ALLERGY + HAYFEVER TAB 110,2025-05,"5,760","78,687"
503,105767,DEMAZIN ALLERGY + HAYFEVER TAB 110,2025-06,"9,456","133,905"
504,105767,DEMAZIN ALLERGY + HAYFEVER TAB 110,2025-07,"16,176","227,111"
505,105767,DEMAZIN ALLERGY + HAYFEVER TAB 110,2025-08,"12,432","174,545"
506,105767,DEMAZIN ALLERGY + HAYFEVER TAB 110,2025-09,"2,784","39,087"
507,105767,DEMAZIN ALLERGY + HAYFEVER TAB 110,2025-10,"11,712","160,950"
508,105767,DEMAZIN ALLERGY + HAYFEVER TAB 110,2025-11,0,"-158,415"
509,105767,DEMAZIN ALLERGY + HAYFEVER TAB 110,2025-12,0,"-226,516"
510,105767,DEMAZIN ALLERGY + HAYFEVER TAB 110,2026-01,0,"-104,015"
511,105767,DEMAZIN ALLERGY + HAYFEVER TAB 110,2026-02,0,"-105,375"
512,105767,DEMAZIN ALLERGY + HAYFEVER TAB 110,2026-03,0,"-108,535"
513,105780,DURO-TUSS HONEY DRY COUGH LIQ 200ML,2024-01,0,0
514,105780,DURO-TUSS HONEY DRY COUGH LIQ 200ML,2024-02,0,0
515,105780,DURO-TUSS HONEY DRY COUGH LIQ 200ML,2024-03,0,0
516,105780,DURO-TUSS HONEY DRY COUGH LIQ 200ML,2024-04,0,0
517,105780,DURO-TUSS HONEY DRY COUGH LIQ 200ML,2024-05,0,0
518,105780,DURO-TUSS HONEY DRY COUGH LIQ 200ML,2024-06,0,0
519,105780,DURO-TUSS HONEY DRY COUGH LIQ 200ML,2024-07,0,0
520,105780,DURO-TUSS HONEY DRY COUGH LIQ 200ML,2024-08,0,0
521,105780,DURO-TUSS HONEY DRY COUGH LIQ 200ML,2024-09,0,0
522,105780,DURO-TUSS HONEY DRY COUGH LIQ 200ML,2024-10,0,0
523,105780,DURO-TUSS HONEY DRY COUGH LIQ 200ML,2024-11,0,0
524,105780,DURO-TUSS HONEY DRY COUGH LIQ 200ML,2024-12,24,-1
525,105780,DURO-TUSS HONEY DRY COUGH LIQ 200ML,2025-01,"1,959","28,143"
526,105780,DURO-TUSS HONEY DRY COUGH LIQ 200ML,2025-02,"5,985","55,449"
527,105780,DURO-TUSS HONEY DRY COUGH LIQ 200ML,2025-03,"12,300","148,335"
528,105780,DURO-TUSS HONEY DRY COUGH LIQ 200ML,2025-04,"8,844","85,228"
529,105780,DURO-TUSS HONEY DRY COUGH LIQ 200ML,2025-05,"12,957","132,976"
530,105780,DURO-TUSS HONEY DRY COUGH LIQ 200ML,2025-06,"22,440","201,854"
531,105780,DURO-TUSS HONEY DRY COUGH LIQ 200ML,2025-07,"12,410","108,543"
532,105780,DURO-TUSS HONEY DRY COUGH LIQ 200ML,2025-08,"7,653","83,133"
533,105780,DURO-TUSS HONEY DRY COUGH LIQ 200ML,2025-09,"5,106","47,871"
534,105780,DURO-TUSS HONEY DRY COUGH LIQ 200ML,2025-10,"5,805","53,959"
535,105780,DURO-TUSS HONEY DRY COUGH LIQ 200ML,2025-11,"3,408","26,816"
536,105780,DURO-TUSS HONEY DRY COUGH LIQ 200ML,2025-12,"4,197","37,735"
537,105780,DURO-TUSS HONEY DRY COUGH LIQ 200ML,2026-01,"6,528","63,479"
538,105780,DURO-TUSS HONEY DRY COUGH LIQ 200ML,2026-02,"7,317","70,022"
539,105780,DURO-TUSS HONEY DRY COUGH LIQ 200ML,2026-03,"6,339","59,662"
540,105791,DURO-TUSS HERB DRY HONEY LIQ200ML NZ,2024-01,0,0
541,105791,DURO-TUSS HERB DRY HONEY LIQ200ML NZ,2024-02,0,0
542,105791,DURO-TUSS HERB DRY HONEY LIQ200ML NZ,2024-03,0,0
543,105791,DURO-TUSS HERB DRY HONEY LIQ200ML NZ,2024-04,0,0
544,105791,DURO-TUSS HERB DRY HONEY LIQ200ML NZ,2024-05,0,0
545,105791,DURO-TUSS HERB DRY HONEY LIQ200ML NZ,2024-06,0,0
546,105791,DURO-TUSS HERB DRY HONEY LIQ200ML NZ,2024-07,0,0
547,105791,DURO-TUSS HERB DRY HONEY LIQ200ML NZ,2024-08,0,0
548,105791,DURO-TUSS HERB DRY HONEY LIQ200ML NZ,2024-09,0,0
549,105791,DURO-TUSS HERB DRY HONEY LIQ200ML NZ,2024-10,0,0
550,105791,DURO-TUSS HERB DRY HONEY LIQ200ML NZ,2024-11,0,0
551,105791,DURO-TUSS HERB DRY HONEY LIQ200ML NZ,2024-12,0,0
552,105791,DURO-TUSS HERB DRY HONEY LIQ200ML NZ,2025-01,0,0
553,105791,DURO-TUSS HERB DRY HONEY LIQ200ML NZ,2025-02,"4,217","45,982"
554,105791,DURO-TUSS HERB DRY HONEY LIQ200ML NZ,2025-03,"2,460","29,717"
555,105791,DURO-TUSS HERB DRY HONEY LIQ200ML NZ,2025-04,"2,190","16,841"
556,105791,DURO-TUSS HERB DRY HONEY LIQ200ML NZ,2025-05,"2,392","35,423"
557,105791,DURO-TUSS HERB DRY HONEY LIQ200ML NZ,2025-06,"4,380","50,321"
558,105791,DURO-TUSS HERB DRY HONEY LIQ200ML NZ,2025-07,"6,327","64,817"
559,105791,DURO-TUSS HERB DRY HONEY LIQ200ML NZ,2025-08,"3,183","36,970"
560,105791,DURO-TUSS HERB DRY HONEY LIQ200ML NZ,2025-09,"4,469","51,799"
561,105791,DURO-TUSS HERB DRY HONEY LIQ200ML NZ,2025-10,"3,317","24,703"
562,105791,DURO-TUSS HERB DRY HONEY LIQ200ML NZ,2025-11,0,-501
563,105791,DURO-TUSS HERB DRY HONEY LIQ200ML NZ,2025-12,0,"2,753"
564,105791,DURO-TUSS HERB DRY HONEY LIQ200ML NZ,2026-01,"4,180","47,398"
565,105791,DURO-TUSS HERB DRY HONEY LIQ200ML NZ,2026-02,"3,152","34,978"
566,105791,DURO-TUSS HERB DRY HONEY LIQ200ML NZ,2026-03,"1,179","17,221"
567,105797,DURO-TUSS RELIEF DRY COUGH BV LOZ 24,2024-01,0,0
568,105797,DURO-TUSS RELIEF DRY COUGH BV LOZ 24,2024-02,0,0
569,105797,DURO-TUSS RELIEF DRY COUGH BV LOZ 24,2024-03,0,0
570,105797,DURO-TUSS RELIEF DRY COUGH BV LOZ 24,2024-04,0,0
571,105797,DURO-TUSS RELIEF DRY COUGH BV LOZ 24,2024-05,0,0
572,105797,DURO-TUSS RELIEF DRY COUGH BV LOZ 24,2024-06,0,0
573,105797,DURO-TUSS RELIEF DRY COUGH BV LOZ 24,2024-07,0,0
574,105797,DURO-TUSS RELIEF DRY COUGH BV LOZ 24,2024-08,0,0
575,105797,DURO-TUSS RELIEF DRY COUGH BV LOZ 24,2024-09,0,0
576,105797,DURO-TUSS RELIEF DRY COUGH BV LOZ 24,2024-10,0,0
577,105797,DURO-TUSS RELIEF DRY COUGH BV LOZ 24,2024-11,0,0
578,105797,DURO-TUSS RELIEF DRY COUGH BV LOZ 24,2024-12,0,0
579,105797,DURO-TUSS RELIEF DRY COUGH BV LOZ 24,2025-01,0,0
580,105797,DURO-TUSS RELIEF DRY COUGH BV LOZ 24,2025-02,0,0
581,105797,DURO-TUSS RELIEF DRY COUGH BV LOZ 24,2025-03,"12,180","69,836"
582,105797,DURO-TUSS RELIEF DRY COUGH BV LOZ 24,2025-04,"5,664","39,309"
583,105797,DURO-TUSS RELIEF DRY COUGH BV LOZ 24,2025-05,"12,792","82,569"
584,105797,DURO-TUSS RELIEF DRY COUGH BV LOZ 24,2025-06,"16,320","88,110"
585,105797,DURO-TUSS RELIEF DRY COUGH BV LOZ 24,2025-07,"8,984","54,731"
586,105797,DURO-TUSS RELIEF DRY COUGH BV LOZ 24,2025-08,"3,756","23,409"
587,105797,DURO-TUSS RELIEF DRY COUGH BV LOZ 24,2025-09,"3,792","19,494"
588,105797,DURO-TUSS RELIEF DRY COUGH BV LOZ 24,2025-10,"5,016","24,941"
589,105797,DURO-TUSS RELIEF DRY COUGH BV LOZ 24,2025-11,"4,768","19,301"
590,105797,DURO-TUSS RELIEF DRY COUGH BV LOZ 24,2025-12,"2,256","9,681"
591,105797,DURO-TUSS RELIEF DRY COUGH BV LOZ 24,2026-01,"6,024","29,488"
592,105797,DURO-TUSS RELIEF DRY COUGH BV LOZ 24,2026-02,"11,220","71,075"
593,105797,DURO-TUSS RELIEF DRY COUGH BV LOZ 24,2026-03,"4,588","24,010"
594,105800,DIFFLAM SOOTHING COUGH HL LOZ 16,2024-01,0,0
595,105800,DIFFLAM SOOTHING COUGH HL LOZ 16,2024-02,0,0
596,105800,DIFFLAM SOOTHING COUGH HL LOZ 16,2024-03,0,0
597,105800,DIFFLAM SOOTHING COUGH HL LOZ 16,2024-04,0,0
598,105800,DIFFLAM SOOTHING COUGH HL LOZ 16,2024-05,0,0
599,105800,DIFFLAM SOOTHING COUGH HL LOZ 16,2024-06,0,0
600,105800,DIFFLAM SOOTHING COUGH HL LOZ 16,2024-07,0,0
601,105800,DIFFLAM SOOTHING COUGH HL LOZ 16,2024-08,0,0
602,105800,DIFFLAM SOOTHING COUGH HL LOZ 16,2024-09,0,0
603,105800,DIFFLAM SOOTHING COUGH HL LOZ 16,2024-10,0,0
604,105800,DIFFLAM SOOTHING COUGH HL LOZ 16,2024-11,0,0
605,105800,DIFFLAM SOOTHING COUGH HL LOZ 16,2024-12,0,0
606,105800,DIFFLAM SOOTHING COUGH HL LOZ 16,2025-01,0,0
607,105800,DIFFLAM SOOTHING COUGH HL LOZ 16,2025-02,"13,866","70,913"
608,105800,DIFFLAM SOOTHING COUGH HL LOZ 16,2025-03,"19,506","88,429"
609,105800,DIFFLAM SOOTHING COUGH HL LOZ 16,2025-04,"21,882","94,292"
610,105800,DIFFLAM SOOTHING COUGH HL LOZ 16,2025-05,"29,460","116,368"
611,105800,DIFFLAM SOOTHING COUGH HL LOZ 16,2025-06,"44,166","184,661"
612,105800,DIFFLAM SOOTHING COUGH HL LOZ 16,2025-07,"21,516","92,708"
613,105800,DIFFLAM SOOTHING COUGH HL LOZ 16,2025-08,"29,028","125,119"
614,105800,DIFFLAM SOOTHING COUGH HL LOZ 16,2025-09,"27,252","109,531"
615,105800,DIFFLAM SOOTHING COUGH HL LOZ 16,2025-10,"29,430","114,484"
616,105800,DIFFLAM SOOTHING COUGH HL LOZ 16,2025-11,"32,370","138,017"
617,105800,DIFFLAM SOOTHING COUGH HL LOZ 16,2025-12,"20,718","68,718"
618,105800,DIFFLAM SOOTHING COUGH HL LOZ 16,2026-01,"28,266","105,013"
619,105800,DIFFLAM SOOTHING COUGH HL LOZ 16,2026-02,"23,358","82,647"
620,105800,DIFFLAM SOOTHING COUGH HL LOZ 16,2026-03,"38,504","131,897"
621,105801,NORFLEX 100MG TABLET 30,2024-01,0,0
622,105801,NORFLEX 100MG TABLET 30,2024-02,0,0
623,105801,NORFLEX 100MG TABLET 30,2024-03,0,0
624,105801,NORFLEX 100MG TABLET 30,2024-04,0,0
625,105801,NORFLEX 100MG TABLET 30,2024-05,0,0
626,105801,NORFLEX 100MG TABLET 30,2024-06,0,0
627,105801,NORFLEX 100MG TABLET 30,2024-07,0,0
628,105801,NORFLEX 100MG TABLET 30,2024-08,0,0
629,105801,NORFLEX 100MG TABLET 30,2024-09,0,0
630,105801,NORFLEX 100MG TABLET 30,2024-10,0,0
631,105801,NORFLEX 100MG TABLET 30,2024-11,0,0
632,105801,NORFLEX 100MG TABLET 30,2024-12,0,0
633,105801,NORFLEX 100MG TABLET 30,2025-01,0,0
634,105801,NORFLEX 100MG TABLET 30,2025-02,0,0
635,105801,NORFLEX 100MG TABLET 30,2025-03,0,0
636,105801,NORFLEX 100MG TABLET 30,2025-04,0,0
637,105801,NORFLEX 100MG TABLET 30,2025-05,0,0
638,105801,NORFLEX 100MG TABLET 30,2025-06,600,"9,000"
639,105801,NORFLEX 100MG TABLET 30,2025-07,"5,280","79,200"
640,105801,NORFLEX 100MG TABLET 30,2025-08,410,"6,150"
641,105801,NORFLEX 100MG TABLET 30,2025-09,15,225
642,105801,NORFLEX 100MG TABLET 30,2025-10,10,150
643,105801,NORFLEX 100MG TABLET 30,2025-11,35,525
644,105801,NORFLEX 100MG TABLET 30,2025-12,90,"1,350"
645,105801,NORFLEX 100MG TABLET 30,2026-01,255,"3,825"
646,105801,NORFLEX 100MG TABLET 30,2026-02,520,"7,800"
647,105801,NORFLEX 100MG TABLET 30,2026-03,645,"9,675"
648,105802,DURO-TUSS LV 30MG/5ML SYRUP 120ML PH,2024-01,0,0
649,105802,DURO-TUSS LV 30MG/5ML SYRUP 120ML PH,2024-02,0,0
650,105802,DURO-TUSS LV 30MG/5ML SYRUP 120ML PH,2024-03,0,0
651,105802,DURO-TUSS LV 30MG/5ML SYRUP 120ML PH,2024-04,0,0
652,105802,DURO-TUSS LV 30MG/5ML SYRUP 120ML PH,2024-05,0,0
653,105802,DURO-TUSS LV 30MG/5ML SYRUP 120ML PH,2024-06,0,0
654,105802,DURO-TUSS LV 30MG/5ML SYRUP 120ML PH,2024-07,0,0
655,105802,DURO-TUSS LV 30MG/5ML SYRUP 120ML PH,2024-08,0,0
656,105802,DURO-TUSS LV 30MG/5ML SYRUP 120ML PH,2024-09,0,0
657,105802,DURO-TUSS LV 30MG/5ML SYRUP 120ML PH,2024-10,0,0
658,105802,DURO-TUSS LV 30MG/5ML SYRUP 120ML PH,2024-11,0,0
659,105802,DURO-TUSS LV 30MG/5ML SYRUP 120ML PH,2024-12,0,0
660,105802,DURO-TUSS LV 30MG/5ML SYRUP 120ML PH,2025-01,0,0
661,105802,DURO-TUSS LV 30MG/5ML SYRUP 120ML PH,2025-02,0,0
662,105802,DURO-TUSS LV 30MG/5ML SYRUP 120ML PH,2025-03,0,0
663,105802,DURO-TUSS LV 30MG/5ML SYRUP 120ML PH,2025-04,0,0
664,105802,DURO-TUSS LV 30MG/5ML SYRUP 120ML PH,2025-05,"19,944","315,112"
665,105802,DURO-TUSS LV 30MG/5ML SYRUP 120ML PH,2025-06,0,0
666,105802,DURO-TUSS LV 30MG/5ML SYRUP 120ML PH,2025-07,"29,980","473,680"
667,105802,DURO-TUSS LV 30MG/5ML SYRUP 120ML PH,2025-08,0,0
668,105802,DURO-TUSS LV 30MG/5ML SYRUP 120ML PH,2025-09,"9,995","157,920"
669,105802,DURO-TUSS LV 30MG/5ML SYRUP 120ML PH,2025-10,0,0
670,105802,DURO-TUSS LV 30MG/5ML SYRUP 120ML PH,2025-11,"19,962","315,397"
671,105802,DURO-TUSS LV 30MG/5ML SYRUP 120ML PH,2025-12,0,0
672,105802,DURO-TUSS LV 30MG/5ML SYRUP 120ML PH,2026-01,0,0
673,105802,DURO-TUSS LV 30MG/5ML SYRUP 120ML PH,2026-02,0,0
674,105802,DURO-TUSS LV 30MG/5ML SYRUP 120ML PH,2026-03,0,0
675,105813,DIFFLAM PLUS TRIPLE BC LOZ 32,2024-01,0,0
676,105813,DIFFLAM PLUS TRIPLE BC LOZ 32,2024-02,0,0
677,105813,DIFFLAM PLUS TRIPLE BC LOZ 32,2024-03,0,0
678,105813,DIFFLAM PLUS TRIPLE BC LOZ 32,2024-04,0,0
679,105813,DIFFLAM PLUS TRIPLE BC LOZ 32,2024-05,0,0
680,105813,DIFFLAM PLUS TRIPLE BC LOZ 32,2024-06,0,0
681,105813,DIFFLAM PLUS TRIPLE BC LOZ 32,2024-07,0,0
682,105813,DIFFLAM PLUS TRIPLE BC LOZ 32,2024-08,0,0
683,105813,DIFFLAM PLUS TRIPLE BC LOZ 32,2024-09,0,0
684,105813,DIFFLAM PLUS TRIPLE BC LOZ 32,2024-10,0,0
685,105813,DIFFLAM PLUS TRIPLE BC LOZ 32,2024-11,0,0
686,105813,DIFFLAM PLUS TRIPLE BC LOZ 32,2024-12,0,0
687,105813,DIFFLAM PLUS TRIPLE BC LOZ 32,2025-01,0,0
688,105813,DIFFLAM PLUS TRIPLE BC LOZ 32,2025-02,"10,735","105,691"
689,105813,DIFFLAM PLUS TRIPLE BC LOZ 32,2025-03,"8,125","102,552"
690,105813,DIFFLAM PLUS TRIPLE BC LOZ 32,2025-04,"15,470","146,951"
691,105813,DIFFLAM PLUS TRIPLE BC LOZ 32,2025-05,"6,280","67,773"
692,105813,DIFFLAM PLUS TRIPLE BC LOZ 32,2025-06,"18,766","177,029"
693,105813,DIFFLAM PLUS TRIPLE BC LOZ 32,2025-07,"9,705","93,673"
694,105813,DIFFLAM PLUS TRIPLE BC LOZ 32,2025-08,"8,115","72,378"
695,105813,DIFFLAM PLUS TRIPLE BC LOZ 32,2025-09,"4,375","35,614"
696,105813,DIFFLAM PLUS TRIPLE BC LOZ 32,2025-10,"5,260","48,577"
697,105813,DIFFLAM PLUS TRIPLE BC LOZ 32,2025-11,"3,150","27,175"
698,105813,DIFFLAM PLUS TRIPLE BC LOZ 32,2025-12,"4,450","40,750"
699,105813,DIFFLAM PLUS TRIPLE BC LOZ 32,2026-01,"3,635","31,201"
700,105813,DIFFLAM PLUS TRIPLE BC LOZ 32,2026-02,"4,335","37,226"
701,105813,DIFFLAM PLUS TRIPLE BC LOZ 32,2026-03,"12,855","113,053"
702,105814,DIFFLAM DUAL STRAWBERRY LOZ 32,2024-01,0,0
703,105814,DIFFLAM DUAL STRAWBERRY LOZ 32,2024-02,0,0
704,105814,DIFFLAM DUAL STRAWBERRY LOZ 32,2024-03,0,0
705,105814,DIFFLAM DUAL STRAWBERRY LOZ 32,2024-04,0,0
706,105814,DIFFLAM DUAL STRAWBERRY LOZ 32,2024-05,0,0
707,105814,DIFFLAM DUAL STRAWBERRY LOZ 32,2024-06,0,0
708,105814,DIFFLAM DUAL STRAWBERRY LOZ 32,2024-07,0,0
709,105814,DIFFLAM DUAL STRAWBERRY LOZ 32,2024-08,0,0
710,105814,DIFFLAM DUAL STRAWBERRY LOZ 32,2024-09,0,0
711,105814,DIFFLAM DUAL STRAWBERRY LOZ 32,2024-10,0,0
712,105814,DIFFLAM DUAL STRAWBERRY LOZ 32,2024-11,0,0
713,105814,DIFFLAM DUAL STRAWBERRY LOZ 32,2024-12,0,0
714,105814,DIFFLAM DUAL STRAWBERRY LOZ 32,2025-01,0,0
715,105814,DIFFLAM DUAL STRAWBERRY LOZ 32,2025-02,"11,610","78,590"
716,105814,DIFFLAM DUAL STRAWBERRY LOZ 32,2025-03,"7,675","68,136"
717,105814,DIFFLAM DUAL STRAWBERRY LOZ 32,2025-04,"5,085","36,625"
718,105814,DIFFLAM DUAL STRAWBERRY LOZ 32,2025-05,"5,710","47,567"
719,105814,DIFFLAM DUAL STRAWBERRY LOZ 32,2025-06,"6,432","32,875"
720,105814,DIFFLAM DUAL STRAWBERRY LOZ 32,2025-07,"3,620","26,714"
721,105814,DIFFLAM DUAL STRAWBERRY LOZ 32,2025-08,"2,050","15,210"
722,105814,DIFFLAM DUAL STRAWBERRY LOZ 32,2025-09,"2,015","12,524"
723,105814,DIFFLAM DUAL STRAWBERRY LOZ 32,2025-10,"1,880","12,474"
724,105814,DIFFLAM DUAL STRAWBERRY LOZ 32,2025-11,"3,450","22,255"
725,105814,DIFFLAM DUAL STRAWBERRY LOZ 32,2025-12,"2,895","20,011"
726,105814,DIFFLAM DUAL STRAWBERRY LOZ 32,2026-01,"2,375","14,568"
727,105814,DIFFLAM DUAL STRAWBERRY LOZ 32,2026-02,"5,700","37,415"
728,105814,DIFFLAM DUAL STRAWBERRY LOZ 32,2026-03,"6,535","40,347"
729,105818,DURO-TUSS HERBAL DRY BV LOZ 24 NZ,2024-01,0,0
730,105818,DURO-TUSS HERBAL DRY BV LOZ 24 NZ,2024-02,0,0
731,105818,DURO-TUSS HERBAL DRY BV LOZ 24 NZ,2024-03,0,0
732,105818,DURO-TUSS HERBAL DRY BV LOZ 24 NZ,2024-04,0,0
733,105818,DURO-TUSS HERBAL DRY BV LOZ 24 NZ,2024-05,0,0
734,105818,DURO-TUSS HERBAL DRY BV LOZ 24 NZ,2024-06,0,0
735,105818,DURO-TUSS HERBAL DRY BV LOZ 24 NZ,2024-07,0,0
736,105818,DURO-TUSS HERBAL DRY BV LOZ 24 NZ,2024-08,0,0
737,105818,DURO-TUSS HERBAL DRY BV LOZ 24 NZ,2024-09,0,0
738,105818,DURO-TUSS HERBAL DRY BV LOZ 24 NZ,2024-10,0,0
739,105818,DURO-TUSS HERBAL DRY BV LOZ 24 NZ,2024-11,0,0
740,105818,DURO-TUSS HERBAL DRY BV LOZ 24 NZ,2024-12,0,0
741,105818,DURO-TUSS HERBAL DRY BV LOZ 24 NZ,2025-01,0,0
742,105818,DURO-TUSS HERBAL DRY BV LOZ 24 NZ,2025-02,0,0
743,105818,DURO-TUSS HERBAL DRY BV LOZ 24 NZ,2025-03,"4,312","38,022"
744,105818,DURO-TUSS HERBAL DRY BV LOZ 24 NZ,2025-04,2,"-1,055"
745,105818,DURO-TUSS HERBAL DRY BV LOZ 24 NZ,2025-05,"5,008","46,029"
746,105818,DURO-TUSS HERBAL DRY BV LOZ 24 NZ,2025-06,"2,059","18,213"
747,105818,DURO-TUSS HERBAL DRY BV LOZ 24 NZ,2025-07,"2,568","-7,172"
748,105818,DURO-TUSS HERBAL DRY BV LOZ 24 NZ,2025-08,"1,722","42,067"
749,105818,DURO-TUSS HERBAL DRY BV LOZ 24 NZ,2025-09,"1,798","15,585"
750,105818,DURO-TUSS HERBAL DRY BV LOZ 24 NZ,2025-10,"1,960","16,843"
751,105818,DURO-TUSS HERBAL DRY BV LOZ 24 NZ,2025-11,"1,200","10,521"
752,105818,DURO-TUSS HERBAL DRY BV LOZ 24 NZ,2025-12,848,"11,794"
753,105818,DURO-TUSS HERBAL DRY BV LOZ 24 NZ,2026-01,324,"2,950"
754,105818,DURO-TUSS HERBAL DRY BV LOZ 24 NZ,2026-02,800,"7,634"
755,105818,DURO-TUSS HERBAL DRY BV LOZ 24 NZ,2026-03,"1,988","18,600"
756,105820,DIFFLAM HERBAL HONEY LEMON LOZ 16 NZ,2024-01,0,0
757,105820,DIFFLAM HERBAL HONEY LEMON LOZ 16 NZ,2024-02,0,0
758,105820,DIFFLAM HERBAL HONEY LEMON LOZ 16 NZ,2024-03,0,0
759,105820,DIFFLAM HERBAL HONEY LEMON LOZ 16 NZ,2024-04,0,0
760,105820,DIFFLAM HERBAL HONEY LEMON LOZ 16 NZ,2024-05,0,0
761,105820,DIFFLAM HERBAL HONEY LEMON LOZ 16 NZ,2024-06,0,0
762,105820,DIFFLAM HERBAL HONEY LEMON LOZ 16 NZ,2024-07,0,0
763,105820,DIFFLAM HERBAL HONEY LEMON LOZ 16 NZ,2024-08,0,0
764,105820,DIFFLAM HERBAL HONEY LEMON LOZ 16 NZ,2024-09,0,0
765,105820,DIFFLAM HERBAL HONEY LEMON LOZ 16 NZ,2024-10,0,0
766,105820,DIFFLAM HERBAL HONEY LEMON LOZ 16 NZ,2024-11,0,0
767,105820,DIFFLAM HERBAL HONEY LEMON LOZ 16 NZ,2024-12,0,0
768,105820,DIFFLAM HERBAL HONEY LEMON LOZ 16 NZ,2025-01,0,0
769,105820,DIFFLAM HERBAL HONEY LEMON LOZ 16 NZ,2025-02,751,"4,728"
770,105820,DIFFLAM HERBAL HONEY LEMON LOZ 16 NZ,2025-03,"1,362","8,469"
771,105820,DIFFLAM HERBAL HONEY LEMON LOZ 16 NZ,2025-04,"1,614","9,524"
772,105820,DIFFLAM HERBAL HONEY LEMON LOZ 16 NZ,2025-05,887,"5,144"
773,105820,DIFFLAM HERBAL HONEY LEMON LOZ 16 NZ,2025-06,"1,614","8,627"
774,105820,DIFFLAM HERBAL HONEY LEMON LOZ 16 NZ,2025-07,"1,548","8,767"
775,105820,DIFFLAM HERBAL HONEY LEMON LOZ 16 NZ,2025-08,678,"4,234"
776,105820,DIFFLAM HERBAL HONEY LEMON LOZ 16 NZ,2025-09,"1,332","7,730"
777,105820,DIFFLAM HERBAL HONEY LEMON LOZ 16 NZ,2025-10,978,"5,086"
778,105820,DIFFLAM HERBAL HONEY LEMON LOZ 16 NZ,2025-11,864,"4,978"
779,105820,DIFFLAM HERBAL HONEY LEMON LOZ 16 NZ,2025-12,168,"1,066"
780,105820,DIFFLAM HERBAL HONEY LEMON LOZ 16 NZ,2026-01,228,"1,496"
781,105820,DIFFLAM HERBAL HONEY LEMON LOZ 16 NZ,2026-02,"1,080","5,877"
782,105820,DIFFLAM HERBAL HONEY LEMON LOZ 16 NZ,2026-03,"1,608","9,195"
783,105827,DURO-TUSS BC DRY COUGH LIQ 60ML PH,2024-01,0,0
784,105827,DURO-TUSS BC DRY COUGH LIQ 60ML PH,2024-02,0,0
785,105827,DURO-TUSS BC DRY COUGH LIQ 60ML PH,2024-03,0,0
786,105827,DURO-TUSS BC DRY COUGH LIQ 60ML PH,2024-04,0,0
787,105827,DURO-TUSS BC DRY COUGH LIQ 60ML PH,2024-05,0,0
788,105827,DURO-TUSS BC DRY COUGH LIQ 60ML PH,2024-06,0,0
789,105827,DURO-TUSS BC DRY COUGH LIQ 60ML PH,2024-07,0,0
790,105827,DURO-TUSS BC DRY COUGH LIQ 60ML PH,2024-08,0,0
791,105827,DURO-TUSS BC DRY COUGH LIQ 60ML PH,2024-09,0,0
792,105827,DURO-TUSS BC DRY COUGH LIQ 60ML PH,2024-10,0,0
793,105827,DURO-TUSS BC DRY COUGH LIQ 60ML PH,2024-11,0,0
794,105827,DURO-TUSS BC DRY COUGH LIQ 60ML PH,2024-12,0,0
795,105827,DURO-TUSS BC DRY COUGH LIQ 60ML PH,2025-01,0,0
796,105827,DURO-TUSS BC DRY COUGH LIQ 60ML PH,2025-02,0,0
797,105827,DURO-TUSS BC DRY COUGH LIQ 60ML PH,2025-03,0,0
798,105827,DURO-TUSS BC DRY COUGH LIQ 60ML PH,2025-04,0,0
799,105827,DURO-TUSS BC DRY COUGH LIQ 60ML PH,2025-05,0,0
800,105827,DURO-TUSS BC DRY COUGH LIQ 60ML PH,2025-06,"14,950","47,003"
801,105827,DURO-TUSS BC DRY COUGH LIQ 60ML PH,2025-07,0,0
802,105827,DURO-TUSS BC DRY COUGH LIQ 60ML PH,2025-08,"14,976","47,085"
803,105827,DURO-TUSS BC DRY COUGH LIQ 60ML PH,2025-09,"14,957","47,025"
804,105827,DURO-TUSS BC DRY COUGH LIQ 60ML PH,2025-10,0,0
805,105827,DURO-TUSS BC DRY COUGH LIQ 60ML PH,2025-11,"14,965","47,050"
806,105827,DURO-TUSS BC DRY COUGH LIQ 60ML PH,2025-12,0,0
807,105827,DURO-TUSS BC DRY COUGH LIQ 60ML PH,2026-01,0,0
808,105827,DURO-TUSS BC DRY COUGH LIQ 60ML PH,2026-02,0,0
809,105827,DURO-TUSS BC DRY COUGH LIQ 60ML PH,2026-03,0,0
810,105828,DURO-TUSS BC DRY COUGH TAB 100 PH,2024-01,0,0
811,105828,DURO-TUSS BC DRY COUGH TAB 100 PH,2024-02,0,0
812,105828,DURO-TUSS BC DRY COUGH TAB 100 PH,2024-03,0,0
813,105828,DURO-TUSS BC DRY COUGH TAB 100 PH,2024-04,0,0
814,105828,DURO-TUSS BC DRY COUGH TAB 100 PH,2024-05,0,0
815,105828,DURO-TUSS BC DRY COUGH TAB 100 PH,2024-06,0,0
816,105828,DURO-TUSS BC DRY COUGH TAB 100 PH,2024-07,0,0
817,105828,DURO-TUSS BC DRY COUGH TAB 100 PH,2024-08,0,0
818,105828,DURO-TUSS BC DRY COUGH TAB 100 PH,2024-09,0,0
819,105828,DURO-TUSS BC DRY COUGH TAB 100 PH,2024-10,0,0
820,105828,DURO-TUSS BC DRY COUGH TAB 100 PH,2024-11,0,0
821,105828,DURO-TUSS BC DRY COUGH TAB 100 PH,2024-12,0,0
822,105828,DURO-TUSS BC DRY COUGH TAB 100 PH,2025-01,0,0
823,105828,DURO-TUSS BC DRY COUGH TAB 100 PH,2025-02,0,0
824,105828,DURO-TUSS BC DRY COUGH TAB 100 PH,2025-03,0,0
825,105828,DURO-TUSS BC DRY COUGH TAB 100 PH,2025-04,"8,659","346,795"
826,105828,DURO-TUSS BC DRY COUGH TAB 100 PH,2025-05,0,0
827,105828,DURO-TUSS BC DRY COUGH TAB 100 PH,2025-06,0,0
828,105828,DURO-TUSS BC DRY COUGH TAB 100 PH,2025-07,0,0
829,105828,DURO-TUSS BC DRY COUGH TAB 100 PH,2025-08,0,0
830,105828,DURO-TUSS BC DRY COUGH TAB 100 PH,2025-09,"14,390","576,323"
831,105828,DURO-TUSS BC DRY COUGH TAB 100 PH,2025-10,0,0
832,105828,DURO-TUSS BC DRY COUGH TAB 100 PH,2025-11,"2,866","114,784"
833,105828,DURO-TUSS BC DRY COUGH TAB 100 PH,2025-12,0,0
834,105828,DURO-TUSS BC DRY COUGH TAB 100 PH,2026-01,0,0
835,105828,DURO-TUSS BC DRY COUGH TAB 100 PH,2026-02,0,0
836,105828,DURO-TUSS BC DRY COUGH TAB 100 PH,2026-03,0,0
837,105829,DURO-TUSS AX CHESTY LIQ 60ML PH,2024-01,0,0
838,105829,DURO-TUSS AX CHESTY LIQ 60ML PH,2024-02,0,0
839,105829,DURO-TUSS AX CHESTY LIQ 60ML PH,2024-03,0,0
840,105829,DURO-TUSS AX CHESTY LIQ 60ML PH,2024-04,0,0
841,105829,DURO-TUSS AX CHESTY LIQ 60ML PH,2024-05,0,0
842,105829,DURO-TUSS AX CHESTY LIQ 60ML PH,2024-06,0,0
843,105829,DURO-TUSS AX CHESTY LIQ 60ML PH,2024-07,0,0
844,105829,DURO-TUSS AX CHESTY LIQ 60ML PH,2024-08,0,0
845,105829,DURO-TUSS AX CHESTY LIQ 60ML PH,2024-09,0,0
846,105829,DURO-TUSS AX CHESTY LIQ 60ML PH,2024-10,0,0
847,105829,DURO-TUSS AX CHESTY LIQ 60ML PH,2024-11,0,0
848,105829,DURO-TUSS AX CHESTY LIQ 60ML PH,2024-12,0,0
849,105829,DURO-TUSS AX CHESTY LIQ 60ML PH,2025-01,0,0
850,105829,DURO-TUSS AX CHESTY LIQ 60ML PH,2025-02,0,0
851,105829,DURO-TUSS AX CHESTY LIQ 60ML PH,2025-03,0,0
852,105829,DURO-TUSS AX CHESTY LIQ 60ML PH,2025-04,0,0
853,105829,DURO-TUSS AX CHESTY LIQ 60ML PH,2025-05,0,0
854,105829,DURO-TUSS AX CHESTY LIQ 60ML PH,2025-06,"29,952","119,959"
855,105829,DURO-TUSS AX CHESTY LIQ 60ML PH,2025-07,0,0
856,105829,DURO-TUSS AX CHESTY LIQ 60ML PH,2025-08,"14,992","60,043"
857,105829,DURO-TUSS AX CHESTY LIQ 60ML PH,2025-09,"44,908","179,858"
858,105829,DURO-TUSS AX CHESTY LIQ 60ML PH,2025-10,0,0
859,105829,DURO-TUSS AX CHESTY LIQ 60ML PH,2025-11,"14,976","59,979"
860,105829,DURO-TUSS AX CHESTY LIQ 60ML PH,2025-12,"15,000","60,075"
861,105829,DURO-TUSS AX CHESTY LIQ 60ML PH,2026-01,0,0
862,105829,DURO-TUSS AX CHESTY LIQ 60ML PH,2026-02,0,0
863,105829,DURO-TUSS AX CHESTY LIQ 60ML PH,2026-03,0,0
864,105830,DURO-TUSS AX CHESTY COUGH CAP 100 PH,2024-01,0,0
865,105830,DURO-TUSS AX CHESTY COUGH CAP 100 PH,2024-02,0,0
866,105830,DURO-TUSS AX CHESTY COUGH CAP 100 PH,2024-03,0,0
867,105830,DURO-TUSS AX CHESTY COUGH CAP 100 PH,2024-04,0,0
868,105830,DURO-TUSS AX CHESTY COUGH CAP 100 PH,2024-05,0,0
869,105830,DURO-TUSS AX CHESTY COUGH CAP 100 PH,2024-06,0,0
870,105830,DURO-TUSS AX CHESTY COUGH CAP 100 PH,2024-07,0,0
871,105830,DURO-TUSS AX CHESTY COUGH CAP 100 PH,2024-08,0,0
872,105830,DURO-TUSS AX CHESTY COUGH CAP 100 PH,2024-09,0,0
873,105830,DURO-TUSS AX CHESTY COUGH CAP 100 PH,2024-10,0,0
874,105830,DURO-TUSS AX CHESTY COUGH CAP 100 PH,2024-11,0,0
875,105830,DURO-TUSS AX CHESTY COUGH CAP 100 PH,2024-12,0,0
876,105830,DURO-TUSS AX CHESTY COUGH CAP 100 PH,2025-01,0,0
877,105830,DURO-TUSS AX CHESTY COUGH CAP 100 PH,2025-02,0,0
878,105830,DURO-TUSS AX CHESTY COUGH CAP 100 PH,2025-03,0,0
879,105830,DURO-TUSS AX CHESTY COUGH CAP 100 PH,2025-04,0,0
880,105830,DURO-TUSS AX CHESTY COUGH CAP 100 PH,2025-05,0,0
881,105830,DURO-TUSS AX CHESTY COUGH CAP 100 PH,2025-06,"8,722","785,966"
882,105830,DURO-TUSS AX CHESTY COUGH CAP 100 PH,2025-07,0,0
883,105830,DURO-TUSS AX CHESTY COUGH CAP 100 PH,2025-08,0,0
884,105830,DURO-TUSS AX CHESTY COUGH CAP 100 PH,2025-09,"14,448","1,301,954"
885,105830,DURO-TUSS AX CHESTY COUGH CAP 100 PH,2025-10,0,0
886,105830,DURO-TUSS AX CHESTY COUGH CAP 100 PH,2025-11,"2,925","263,581"
887,105830,DURO-TUSS AX CHESTY COUGH CAP 100 PH,2025-12,0,0
888,105830,DURO-TUSS AX CHESTY COUGH CAP 100 PH,2026-01,0,0
889,105830,DURO-TUSS AX CHESTY COUGH CAP 100 PH,2026-02,0,0
890,105830,DURO-TUSS AX CHESTY COUGH CAP 100 PH,2026-03,0,0
891,105839,DIFFLAM SOOTHING COUGH HL LOZ 32,2024-01,0,0
892,105839,DIFFLAM SOOTHING COUGH HL LOZ 32,2024-02,0,0
893,105839,DIFFLAM SOOTHING COUGH HL LOZ 32,2024-03,0,0
894,105839,DIFFLAM SOOTHING COUGH HL LOZ 32,2024-04,0,0
895,105839,DIFFLAM SOOTHING COUGH HL LOZ 32,2024-05,0,0
896,105839,DIFFLAM SOOTHING COUGH HL LOZ 32,2024-06,0,0
897,105839,DIFFLAM SOOTHING COUGH HL LOZ 32,2024-07,0,0
898,105839,DIFFLAM SOOTHING COUGH HL LOZ 32,2024-08,0,0
899,105839,DIFFLAM SOOTHING COUGH HL LOZ 32,2024-09,0,0
900,105839,DIFFLAM SOOTHING COUGH HL LOZ 32,2024-10,0,0
901,105839,DIFFLAM SOOTHING COUGH HL LOZ 32,2024-11,0,0
902,105839,DIFFLAM SOOTHING COUGH HL LOZ 32,2024-12,0,0
903,105839,DIFFLAM SOOTHING COUGH HL LOZ 32,2025-01,0,0
904,105839,DIFFLAM SOOTHING COUGH HL LOZ 32,2025-02,"13,420","120,185"
905,105839,DIFFLAM SOOTHING COUGH HL LOZ 32,2025-03,"12,305","103,160"
906,105839,DIFFLAM SOOTHING COUGH HL LOZ 32,2025-04,"10,580","86,133"
907,105839,DIFFLAM SOOTHING COUGH HL LOZ 32,2025-05,"10,840","87,696"
908,105839,DIFFLAM SOOTHING COUGH HL LOZ 32,2025-06,"14,732","107,953"
909,105839,DIFFLAM SOOTHING COUGH HL LOZ 32,2025-07,"5,910","51,911"
910,105839,DIFFLAM SOOTHING COUGH HL LOZ 32,2025-08,"7,080","60,096"
911,105839,DIFFLAM SOOTHING COUGH HL LOZ 32,2025-09,"3,965","29,039"
912,105839,DIFFLAM SOOTHING COUGH HL LOZ 32,2025-10,"4,080","31,079"
913,105839,DIFFLAM SOOTHING COUGH HL LOZ 32,2025-11,"6,600","51,242"
914,105839,DIFFLAM SOOTHING COUGH HL LOZ 32,2025-12,"4,650","34,690"
915,105839,DIFFLAM SOOTHING COUGH HL LOZ 32,2026-01,"5,330","36,710"
916,105839,DIFFLAM SOOTHING COUGH HL LOZ 32,2026-02,"9,220","69,841"
917,105839,DIFFLAM SOOTHING COUGH HL LOZ 32,2026-03,"12,630","88,412"
918,105841,DIFFLAM HERBAL HONEY LEMON LOZ 32 NZ,2024-01,0,0
919,105841,DIFFLAM HERBAL HONEY LEMON LOZ 32 NZ,2024-02,0,0
920,105841,DIFFLAM HERBAL HONEY LEMON LOZ 32 NZ,2024-03,0,0
921,105841,DIFFLAM HERBAL HONEY LEMON LOZ 32 NZ,2024-04,0,0
922,105841,DIFFLAM HERBAL HONEY LEMON LOZ 32 NZ,2024-05,0,0
923,105841,DIFFLAM HERBAL HONEY LEMON LOZ 32 NZ,2024-06,0,0
924,105841,DIFFLAM HERBAL HONEY LEMON LOZ 32 NZ,2024-07,0,0
925,105841,DIFFLAM HERBAL HONEY LEMON LOZ 32 NZ,2024-08,0,0
926,105841,DIFFLAM HERBAL HONEY LEMON LOZ 32 NZ,2024-09,0,0
927,105841,DIFFLAM HERBAL HONEY LEMON LOZ 32 NZ,2024-10,0,0
928,105841,DIFFLAM HERBAL HONEY LEMON LOZ 32 NZ,2024-11,0,0
929,105841,DIFFLAM HERBAL HONEY LEMON LOZ 32 NZ,2024-12,0,0
930,105841,DIFFLAM HERBAL HONEY LEMON LOZ 32 NZ,2025-01,0,0
931,105841,DIFFLAM HERBAL HONEY LEMON LOZ 32 NZ,2025-02,559,"5,164"
932,105841,DIFFLAM HERBAL HONEY LEMON LOZ 32 NZ,2025-03,963,"8,758"
933,105841,DIFFLAM HERBAL HONEY LEMON LOZ 32 NZ,2025-04,"1,525","13,266"
934,105841,DIFFLAM HERBAL HONEY LEMON LOZ 32 NZ,2025-05,376,"3,245"
935,105841,DIFFLAM HERBAL HONEY LEMON LOZ 32 NZ,2025-06,"1,095","8,919"
936,105841,DIFFLAM HERBAL HONEY LEMON LOZ 32 NZ,2025-07,620,"4,844"
937,105841,DIFFLAM HERBAL HONEY LEMON LOZ 32 NZ,2025-08,31,445
938,105841,DIFFLAM HERBAL HONEY LEMON LOZ 32 NZ,2025-09,549,"4,745"
939,105841,DIFFLAM HERBAL HONEY LEMON LOZ 32 NZ,2025-10,370,"2,865"
940,105841,DIFFLAM HERBAL HONEY LEMON LOZ 32 NZ,2025-11,110,930
941,105841,DIFFLAM HERBAL HONEY LEMON LOZ 32 NZ,2025-12,36,301
942,105841,DIFFLAM HERBAL HONEY LEMON LOZ 32 NZ,2026-01,135,"1,168"
943,105841,DIFFLAM HERBAL HONEY LEMON LOZ 32 NZ,2026-02,120,"1,087"
944,105841,DIFFLAM HERBAL HONEY LEMON LOZ 32 NZ,2026-03,245,"2,292"
945,105842,ACNE-AID NAT ADULT CLEANSER 100ML TH,2024-01,0,0
946,105842,ACNE-AID NAT ADULT CLEANSER 100ML TH,2024-02,0,0
947,105842,ACNE-AID NAT ADULT CLEANSER 100ML TH,2024-03,0,0
948,105842,ACNE-AID NAT ADULT CLEANSER 100ML TH,2024-04,0,0
949,105842,ACNE-AID NAT ADULT CLEANSER 100ML TH,2024-05,0,0
950,105842,ACNE-AID NAT ADULT CLEANSER 100ML TH,2024-06,0,0
951,105842,ACNE-AID NAT ADULT CLEANSER 100ML TH,2024-07,0,0
952,105842,ACNE-AID NAT ADULT CLEANSER 100ML TH,2024-08,0,0
953,105842,ACNE-AID NAT ADULT CLEANSER 100ML TH,2024-09,0,0
954,105842,ACNE-AID NAT ADULT CLEANSER 100ML TH,2024-10,0,0
955,105842,ACNE-AID NAT ADULT CLEANSER 100ML TH,2024-11,0,0
956,105842,ACNE-AID NAT ADULT CLEANSER 100ML TH,2024-12,0,0
957,105842,ACNE-AID NAT ADULT CLEANSER 100ML TH,2025-01,0,0
958,105842,ACNE-AID NAT ADULT CLEANSER 100ML TH,2025-02,0,0
959,105842,ACNE-AID NAT ADULT CLEANSER 100ML TH,2025-03,0,0
960,105842,ACNE-AID NAT ADULT CLEANSER 100ML TH,2025-04,0,0
961,105842,ACNE-AID NAT ADULT CLEANSER 100ML TH,2025-05,0,0
962,105842,ACNE-AID NAT ADULT CLEANSER 100ML TH,2025-06,0,0
963,105842,ACNE-AID NAT ADULT CLEANSER 100ML TH,2025-07,0,0
964,105842,ACNE-AID NAT ADULT CLEANSER 100ML TH,2025-08,0,0
965,105842,ACNE-AID NAT ADULT CLEANSER 100ML TH,2025-09,0,0
966,105842,ACNE-AID NAT ADULT CLEANSER 100ML TH,2025-10,0,0
967,105842,ACNE-AID NAT ADULT CLEANSER 100ML TH,2025-11,0,0
968,105842,ACNE-AID NAT ADULT CLEANSER 100ML TH,2025-12,"9,528","123,820"
969,105842,ACNE-AID NAT ADULT CLEANSER 100ML TH,2026-01,"5,280","68,615"
970,105842,ACNE-AID NAT ADULT CLEANSER 100ML TH,2026-02,"8,311","108,004"
971,105842,ACNE-AID NAT ADULT CLEANSER 100ML TH,2026-03,"1,244","16,166"
972,105843,ACNE-AID NAT ADULT MOISTURE 50ML TH,2024-01,0,0
973,105843,ACNE-AID NAT ADULT MOISTURE 50ML TH,2024-02,0,0
974,105843,ACNE-AID NAT ADULT MOISTURE 50ML TH,2024-03,0,0
975,105843,ACNE-AID NAT ADULT MOISTURE 50ML TH,2024-04,0,0
976,105843,ACNE-AID NAT ADULT MOISTURE 50ML TH,2024-05,0,0
977,105843,ACNE-AID NAT ADULT MOISTURE 50ML TH,2024-06,0,0
978,105843,ACNE-AID NAT ADULT MOISTURE 50ML TH,2024-07,0,0
979,105843,ACNE-AID NAT ADULT MOISTURE 50ML TH,2024-08,0,0
980,105843,ACNE-AID NAT ADULT MOISTURE 50ML TH,2024-09,0,0
981,105843,ACNE-AID NAT ADULT MOISTURE 50ML TH,2024-10,0,0
982,105843,ACNE-AID NAT ADULT MOISTURE 50ML TH,2024-11,0,0
983,105843,ACNE-AID NAT ADULT MOISTURE 50ML TH,2024-12,0,0
984,105843,ACNE-AID NAT ADULT MOISTURE 50ML TH,2025-01,0,0
985,105843,ACNE-AID NAT ADULT MOISTURE 50ML TH,2025-02,0,0
986,105843,ACNE-AID NAT ADULT MOISTURE 50ML TH,2025-03,0,0
987,105843,ACNE-AID NAT ADULT MOISTURE 50ML TH,2025-04,0,0
988,105843,ACNE-AID NAT ADULT MOISTURE 50ML TH,2025-05,0,0
989,105843,ACNE-AID NAT ADULT MOISTURE 50ML TH,2025-06,0,0
990,105843,ACNE-AID NAT ADULT MOISTURE 50ML TH,2025-07,0,0
991,105843,ACNE-AID NAT ADULT MOISTURE 50ML TH,2025-08,0,0
992,105843,ACNE-AID NAT ADULT MOISTURE 50ML TH,2025-09,0,0
993,105843,ACNE-AID NAT ADULT MOISTURE 50ML TH,2025-10,0,0
994,105843,ACNE-AID NAT ADULT MOISTURE 50ML TH,2025-11,0,0
995,105843,ACNE-AID NAT ADULT MOISTURE 50ML TH,2025-12,"2,520","43,664"
996,105843,ACNE-AID NAT ADULT MOISTURE 50ML TH,2026-01,"1,080","18,713"
997,105843,ACNE-AID NAT ADULT MOISTURE 50ML TH,2026-02,"2,048","35,486"
998,105843,ACNE-AID NAT ADULT MOISTURE 50ML TH,2026-03,"2,688","46,575"
999,105844,ACNE-AID NAT ADULT SERUM 30ML TH,2024-01,0,0
1000,105844,ACNE-AID NAT ADULT SERUM 30ML TH,2024-02,0,0
1001,105844,ACNE-AID NAT ADULT SERUM 30ML TH,2024-03,0,0
1002,105844,ACNE-AID NAT ADULT SERUM 30ML TH,2024-04,0,0
1003,105844,ACNE-AID NAT ADULT SERUM 30ML TH,2024-05,0,0
1004,105844,ACNE-AID NAT ADULT SERUM 30ML TH,2024-06,0,0
1005,105844,ACNE-AID NAT ADULT SERUM 30ML TH,2024-07,0,0
1006,105844,ACNE-AID NAT ADULT SERUM 30ML TH,2024-08,0,0
1007,105844,ACNE-AID NAT ADULT SERUM 30ML TH,2024-09,0,0
1008,105844,ACNE-AID NAT ADULT SERUM 30ML TH,2024-10,0,0
1009,105844,ACNE-AID NAT ADULT SERUM 30ML TH,2024-11,0,0
1010,105844,ACNE-AID NAT ADULT SERUM 30ML TH,2024-12,0,0
1011,105844,ACNE-AID NAT ADULT SERUM 30ML TH,2025-01,0,0
1012,105844,ACNE-AID NAT ADULT SERUM 30ML TH,2025-02,0,0
1013,105844,ACNE-AID NAT ADULT SERUM 30ML TH,2025-03,0,0
1014,105844,ACNE-AID NAT ADULT SERUM 30ML TH,2025-04,0,0
1015,105844,ACNE-AID NAT ADULT SERUM 30ML TH,2025-05,0,0
1016,105844,ACNE-AID NAT ADULT SERUM 30ML TH,2025-06,0,0
1017,105844,ACNE-AID NAT ADULT SERUM 30ML TH,2025-07,0,0
1018,105844,ACNE-AID NAT ADULT SERUM 30ML TH,2025-08,0,0
1019,105844,ACNE-AID NAT ADULT SERUM 30ML TH,2025-09,0,0
1020,105844,ACNE-AID NAT ADULT SERUM 30ML TH,2025-10,0,0
1021,105844,ACNE-AID NAT ADULT SERUM 30ML TH,2025-11,0,0
1022,105844,ACNE-AID NAT ADULT SERUM 30ML TH,2025-12,"3,120","60,818"
1023,105844,ACNE-AID NAT ADULT SERUM 30ML TH,2026-01,"1,080","21,052"
1024,105844,ACNE-AID NAT ADULT SERUM 30ML TH,2026-02,958,"18,674"
1025,105844,ACNE-AID NAT ADULT SERUM 30ML TH,2026-03,"1,200","23,392"
1026,105845,DIFFLAM PLUS ANAES BC LOZ 32 NZ,2024-01,0,0
1027,105845,DIFFLAM PLUS ANAES BC LOZ 32 NZ,2024-02,0,0
1028,105845,DIFFLAM PLUS ANAES BC LOZ 32 NZ,2024-03,0,0
1029,105845,DIFFLAM PLUS ANAES BC LOZ 32 NZ,2024-04,0,0
1030,105845,DIFFLAM PLUS ANAES BC LOZ 32 NZ,2024-05,0,0
1031,105845,DIFFLAM PLUS ANAES BC LOZ 32 NZ,2024-06,0,0
1032,105845,DIFFLAM PLUS ANAES BC LOZ 32 NZ,2024-07,0,0
1033,105845,DIFFLAM PLUS ANAES BC LOZ 32 NZ,2024-08,0,0
1034,105845,DIFFLAM PLUS ANAES BC LOZ 32 NZ,2024-09,0,0
1035,105845,DIFFLAM PLUS ANAES BC LOZ 32 NZ,2024-10,0,0
1036,105845,DIFFLAM PLUS ANAES BC LOZ 32 NZ,2024-11,0,0
1037,105845,DIFFLAM PLUS ANAES BC LOZ 32 NZ,2024-12,0,0
1038,105845,DIFFLAM PLUS ANAES BC LOZ 32 NZ,2025-01,0,0
1039,105845,DIFFLAM PLUS ANAES BC LOZ 32 NZ,2025-02,0,0
1040,105845,DIFFLAM PLUS ANAES BC LOZ 32 NZ,2025-03,0,-14
1041,105845,DIFFLAM PLUS ANAES BC LOZ 32 NZ,2025-04,"2,690","31,262"
1042,105845,DIFFLAM PLUS ANAES BC LOZ 32 NZ,2025-05,180,"1,774"
1043,105845,DIFFLAM PLUS ANAES BC LOZ 32 NZ,2025-06,0,-662
1044,105845,DIFFLAM PLUS ANAES BC LOZ 32 NZ,2025-07,115,"1,289"
1045,105845,DIFFLAM PLUS ANAES BC LOZ 32 NZ,2025-08,95,"1,127"
1046,105845,DIFFLAM PLUS ANAES BC LOZ 32 NZ,2025-09,140,"1,659"
1047,105845,DIFFLAM PLUS ANAES BC LOZ 32 NZ,2025-10,102,"1,092"
1048,105845,DIFFLAM PLUS ANAES BC LOZ 32 NZ,2025-11,40,546
1049,105845,DIFFLAM PLUS ANAES BC LOZ 32 NZ,2025-12,135,"1,745"
1050,105845,DIFFLAM PLUS ANAES BC LOZ 32 NZ,2026-01,50,683
1051,105845,DIFFLAM PLUS ANAES BC LOZ 32 NZ,2026-02,70,900
1052,105845,DIFFLAM PLUS ANAES BC LOZ 32 NZ,2026-03,60,729
1053,105891,NYAL 3-IN-1 COUGH RELIEF LIQ 240ML,2024-01,0,0
1054,105891,NYAL 3-IN-1 COUGH RELIEF LIQ 240ML,2024-02,0,0
1055,105891,NYAL 3-IN-1 COUGH RELIEF LIQ 240ML,2024-03,0,0
1056,105891,NYAL 3-IN-1 COUGH RELIEF LIQ 240ML,2024-04,0,0
1057,105891,NYAL 3-IN-1 COUGH RELIEF LIQ 240ML,2024-05,0,0
1058,105891,NYAL 3-IN-1 COUGH RELIEF LIQ 240ML,2024-06,0,0
1059,105891,NYAL 3-IN-1 COUGH RELIEF LIQ 240ML,2024-07,0,0
1060,105891,NYAL 3-IN-1 COUGH RELIEF LIQ 240ML,2024-08,0,0
1061,105891,NYAL 3-IN-1 COUGH RELIEF LIQ 240ML,2024-09,0,0
1062,105891,NYAL 3-IN-1 COUGH RELIEF LIQ 240ML,2024-10,0,0
1063,105891,NYAL 3-IN-1 COUGH RELIEF LIQ 240ML,2024-11,0,0
1064,105891,NYAL 3-IN-1 COUGH RELIEF LIQ 240ML,2024-12,0,0
1065,105891,NYAL 3-IN-1 COUGH RELIEF LIQ 240ML,2025-01,0,0
1066,105891,NYAL 3-IN-1 COUGH RELIEF LIQ 240ML,2025-02,0,0
1067,105891,NYAL 3-IN-1 COUGH RELIEF LIQ 240ML,2025-03,"5,280","32,481"
1068,105891,NYAL 3-IN-1 COUGH RELIEF LIQ 240ML,2025-04,"9,384","62,280"
1069,105891,NYAL 3-IN-1 COUGH RELIEF LIQ 240ML,2025-05,"10,560","38,647"
1070,105891,NYAL 3-IN-1 COUGH RELIEF LIQ 240ML,2025-06,"13,824","92,204"
1071,105891,NYAL 3-IN-1 COUGH RELIEF LIQ 240ML,2025-07,"12,984","74,128"
1072,105891,NYAL 3-IN-1 COUGH RELIEF LIQ 240ML,2025-08,"10,800","61,694"
1073,105891,NYAL 3-IN-1 COUGH RELIEF LIQ 240ML,2025-09,"10,080","65,453"
1074,105891,NYAL 3-IN-1 COUGH RELIEF LIQ 240ML,2025-10,"3,720","24,027"
1075,105891,NYAL 3-IN-1 COUGH RELIEF LIQ 240ML,2025-11,"8,040","54,980"
1076,105891,NYAL 3-IN-1 COUGH RELIEF LIQ 240ML,2025-12,"5,136","34,153"
1077,105891,NYAL 3-IN-1 COUGH RELIEF LIQ 240ML,2026-01,"5,400","29,406"
1078,105891,NYAL 3-IN-1 COUGH RELIEF LIQ 240ML,2026-02,"6,120","33,231"
1079,105891,NYAL 3-IN-1 COUGH RELIEF LIQ 240ML,2026-03,"8,160","40,880"
1080,105894,DURO-TUSS AX CHESTY LIQ 120ML MY,2024-01,0,0
1081,105894,DURO-TUSS AX CHESTY LIQ 120ML MY,2024-02,0,0
1082,105894,DURO-TUSS AX CHESTY LIQ 120ML MY,2024-03,0,0
1083,105894,DURO-TUSS AX CHESTY LIQ 120ML MY,2024-04,0,0
1084,105894,DURO-TUSS AX CHESTY LIQ 120ML MY,2024-05,0,0
1085,105894,DURO-TUSS AX CHESTY LIQ 120ML MY,2024-06,0,0
1086,105894,DURO-TUSS AX CHESTY LIQ 120ML MY,2024-07,0,0
1087,105894,DURO-TUSS AX CHESTY LIQ 120ML MY,2024-08,0,0
1088,105894,DURO-TUSS AX CHESTY LIQ 120ML MY,2024-09,0,0
1089,105894,DURO-TUSS AX CHESTY LIQ 120ML MY,2024-10,0,0
1090,105894,DURO-TUSS AX CHESTY LIQ 120ML MY,2024-11,0,0
1091,105894,DURO-TUSS AX CHESTY LIQ 120ML MY,2024-12,0,0
1092,105894,DURO-TUSS AX CHESTY LIQ 120ML MY,2025-01,0,0
1093,105894,DURO-TUSS AX CHESTY LIQ 120ML MY,2025-02,0,0
1094,105894,DURO-TUSS AX CHESTY LIQ 120ML MY,2025-03,0,0
1095,105894,DURO-TUSS AX CHESTY LIQ 120ML MY,2025-04,0,0
1096,105894,DURO-TUSS AX CHESTY LIQ 120ML MY,2025-05,0,0
1097,105894,DURO-TUSS AX CHESTY LIQ 120ML MY,2025-06,0,0
1098,105894,DURO-TUSS AX CHESTY LIQ 120ML MY,2025-07,0,0
1099,105894,DURO-TUSS AX CHESTY LIQ 120ML MY,2025-08,0,0
1100,105894,DURO-TUSS AX CHESTY LIQ 120ML MY,2025-09,"15,840","103,130"
1101,105894,DURO-TUSS AX CHESTY LIQ 120ML MY,2025-10,0,0
1102,105894,DURO-TUSS AX CHESTY LIQ 120ML MY,2025-11,"3,240","22,125"
1103,105894,DURO-TUSS AX CHESTY LIQ 120ML MY,2025-12,0,0
1104,105894,DURO-TUSS AX CHESTY LIQ 120ML MY,2026-01,0,0
1105,105894,DURO-TUSS AX CHESTY LIQ 120ML MY,2026-02,0,0
1106,105894,DURO-TUSS AX CHESTY LIQ 120ML MY,2026-03,"1,440","9,833"
1107,105904,BETADINE ANTISEP TOPICAL SOL 500ML,2024-01,0,0
1108,105904,BETADINE ANTISEP TOPICAL SOL 500ML,2024-02,0,0
1109,105904,BETADINE ANTISEP TOPICAL SOL 500ML,2024-03,0,0
1110,105904,BETADINE ANTISEP TOPICAL SOL 500ML,2024-04,0,0
1111,105904,BETADINE ANTISEP TOPICAL SOL 500ML,2024-05,0,0
1112,105904,BETADINE ANTISEP TOPICAL SOL 500ML,2024-06,0,0
1113,105904,BETADINE ANTISEP TOPICAL SOL 500ML,2024-07,0,0
1114,105904,BETADINE ANTISEP TOPICAL SOL 500ML,2024-08,0,0
1115,105904,BETADINE ANTISEP TOPICAL SOL 500ML,2024-09,0,0
1116,105904,BETADINE ANTISEP TOPICAL SOL 500ML,2024-10,0,0
1117,105904,BETADINE ANTISEP TOPICAL SOL 500ML,2024-11,0,0
1118,105904,BETADINE ANTISEP TOPICAL SOL 500ML,2024-12,0,0
1119,105904,BETADINE ANTISEP TOPICAL SOL 500ML,2025-01,0,0
1120,105904,BETADINE ANTISEP TOPICAL SOL 500ML,2025-02,0,0
1121,105904,BETADINE ANTISEP TOPICAL SOL 500ML,2025-03,0,0
1122,105904,BETADINE ANTISEP TOPICAL SOL 500ML,2025-04,0,0
1123,105904,BETADINE ANTISEP TOPICAL SOL 500ML,2025-05,0,0
1124,105904,BETADINE ANTISEP TOPICAL SOL 500ML,2025-06,0,0
1125,105904,BETADINE ANTISEP TOPICAL SOL 500ML,2025-07,"7,980","140,071"
1126,105904,BETADINE ANTISEP TOPICAL SOL 500ML,2025-08,"1,923","37,616"
1127,105904,BETADINE ANTISEP TOPICAL SOL 500ML,2025-09,"2,817","52,066"
1128,105904,BETADINE ANTISEP TOPICAL SOL 500ML,2025-10,"3,507","62,205"
1129,105904,BETADINE ANTISEP TOPICAL SOL 500ML,2025-11,"1,248","21,113"
1130,105904,BETADINE ANTISEP TOPICAL SOL 500ML,2025-12,"3,225","56,760"
1131,105904,BETADINE ANTISEP TOPICAL SOL 500ML,2026-01,"3,771","66,162"
1132,105904,BETADINE ANTISEP TOPICAL SOL 500ML,2026-02,"3,189","50,696"
1133,105904,BETADINE ANTISEP TOPICAL SOL 500ML,2026-03,"3,300","57,112"
1134,105905,BETADINE RTU THROAT GARGLE 200ML,2024-01,0,0
1135,105905,BETADINE RTU THROAT GARGLE 200ML,2024-02,0,0
1136,105905,BETADINE RTU THROAT GARGLE 200ML,2024-03,0,0
1137,105905,BETADINE RTU THROAT GARGLE 200ML,2024-04,0,0
1138,105905,BETADINE RTU THROAT GARGLE 200ML,2024-05,0,0
1139,105905,BETADINE RTU THROAT GARGLE 200ML,2024-06,0,0
1140,105905,BETADINE RTU THROAT GARGLE 200ML,2024-07,0,0
1141,105905,BETADINE RTU THROAT GARGLE 200ML,2024-08,0,0
1142,105905,BETADINE RTU THROAT GARGLE 200ML,2024-09,0,0
1143,105905,BETADINE RTU THROAT GARGLE 200ML,2024-10,0,0
1144,105905,BETADINE RTU THROAT GARGLE 200ML,2024-11,0,0
1145,105905,BETADINE RTU THROAT GARGLE 200ML,2024-12,0,0
1146,105905,BETADINE RTU THROAT GARGLE 200ML,2025-01,0,0
1147,105905,BETADINE RTU THROAT GARGLE 200ML,2025-02,0,0
1148,105905,BETADINE RTU THROAT GARGLE 200ML,2025-03,0,0
1149,105905,BETADINE RTU THROAT GARGLE 200ML,2025-04,0,0
1150,105905,BETADINE RTU THROAT GARGLE 200ML,2025-05,0,0
1151,105905,BETADINE RTU THROAT GARGLE 200ML,2025-06,0,0
1152,105905,BETADINE RTU THROAT GARGLE 200ML,2025-07,"13,848","180,690"
1153,105905,BETADINE RTU THROAT GARGLE 200ML,2025-08,648,"3,371"
1154,105905,BETADINE RTU THROAT GARGLE 200ML,2025-09,"1,632","12,863"
1155,105905,BETADINE RTU THROAT GARGLE 200ML,2025-10,"6,696","81,773"
1156,105905,BETADINE RTU THROAT GARGLE 200ML,2025-11,"5,016","61,455"
1157,105905,BETADINE RTU THROAT GARGLE 200ML,2025-12,"2,712","30,862"
1158,105905,BETADINE RTU THROAT GARGLE 200ML,2026-01,"6,045","69,286"
1159,105905,BETADINE RTU THROAT GARGLE 200ML,2026-02,"10,692","130,594"
1160,105905,BETADINE RTU THROAT GARGLE 200ML,2026-03,"16,383","184,879"
1161,105907,BETADINE ANTISEP FIRST AID CREAM 45G,2024-01,0,0
1162,105907,BETADINE ANTISEP FIRST AID CREAM 45G,2024-02,0,0
1163,105907,BETADINE ANTISEP FIRST AID CREAM 45G,2024-03,0,0
1164,105907,BETADINE ANTISEP FIRST AID CREAM 45G,2024-04,0,0
1165,105907,BETADINE ANTISEP FIRST AID CREAM 45G,2024-05,0,0
1166,105907,BETADINE ANTISEP FIRST AID CREAM 45G,2024-06,0,0
1167,105907,BETADINE ANTISEP FIRST AID CREAM 45G,2024-07,0,0
1168,105907,BETADINE ANTISEP FIRST AID CREAM 45G,2024-08,0,0
1169,105907,BETADINE ANTISEP FIRST AID CREAM 45G,2024-09,0,0
1170,105907,BETADINE ANTISEP FIRST AID CREAM 45G,2024-10,0,0
1171,105907,BETADINE ANTISEP FIRST AID CREAM 45G,2024-11,0,0
1172,105907,BETADINE ANTISEP FIRST AID CREAM 45G,2024-12,0,0
1173,105907,BETADINE ANTISEP FIRST AID CREAM 45G,2025-01,0,0
1174,105907,BETADINE ANTISEP FIRST AID CREAM 45G,2025-02,0,0
1175,105907,BETADINE ANTISEP FIRST AID CREAM 45G,2025-03,0,0
1176,105907,BETADINE ANTISEP FIRST AID CREAM 45G,2025-04,0,0
1177,105907,BETADINE ANTISEP FIRST AID CREAM 45G,2025-05,0,0
1178,105907,BETADINE ANTISEP FIRST AID CREAM 45G,2025-06,0,0
1179,105907,BETADINE ANTISEP FIRST AID CREAM 45G,2025-07,0,0
1180,105907,BETADINE ANTISEP FIRST AID CREAM 45G,2025-08,"10,408","126,477"
1181,105907,BETADINE ANTISEP FIRST AID CREAM 45G,2025-09,"2,312","29,899"
1182,105907,BETADINE ANTISEP FIRST AID CREAM 45G,2025-10,"1,548","18,053"
1183,105907,BETADINE ANTISEP FIRST AID CREAM 45G,2025-11,600,"5,536"
1184,105907,BETADINE ANTISEP FIRST AID CREAM 45G,2025-12,492,"5,198"
1185,105907,BETADINE ANTISEP FIRST AID CREAM 45G,2026-01,248,"2,663"
1186,105907,BETADINE ANTISEP FIRST AID CREAM 45G,2026-02,616,"6,699"
1187,105907,BETADINE ANTISEP FIRST AID CREAM 45G,2026-03,12,105
1188,105928,RETRIEVE ONE 1% RETINOL SERUM 30ML,2024-01,0,0
1189,105928,RETRIEVE ONE 1% RETINOL SERUM 30ML,2024-02,0,0
1190,105928,RETRIEVE ONE 1% RETINOL SERUM 30ML,2024-03,0,0
1191,105928,RETRIEVE ONE 1% RETINOL SERUM 30ML,2024-04,0,0
1192,105928,RETRIEVE ONE 1% RETINOL SERUM 30ML,2024-05,0,0
1193,105928,RETRIEVE ONE 1% RETINOL SERUM 30ML,2024-06,0,0
1194,105928,RETRIEVE ONE 1% RETINOL SERUM 30ML,2024-07,0,0
1195,105928,RETRIEVE ONE 1% RETINOL SERUM 30ML,2024-08,0,0
1196,105928,RETRIEVE ONE 1% RETINOL SERUM 30ML,2024-09,0,0
1197,105928,RETRIEVE ONE 1% RETINOL SERUM 30ML,2024-10,0,0
1198,105928,RETRIEVE ONE 1% RETINOL SERUM 30ML,2024-11,0,0
1199,105928,RETRIEVE ONE 1% RETINOL SERUM 30ML,2024-12,0,0
1200,105928,RETRIEVE ONE 1% RETINOL SERUM 30ML,2025-01,0,0
1201,105928,RETRIEVE ONE 1% RETINOL SERUM 30ML,2025-02,0,0
1202,105928,RETRIEVE ONE 1% RETINOL SERUM 30ML,2025-03,0,0
1203,105928,RETRIEVE ONE 1% RETINOL SERUM 30ML,2025-04,0,0
1204,105928,RETRIEVE ONE 1% RETINOL SERUM 30ML,2025-05,0,0
1205,105928,RETRIEVE ONE 1% RETINOL SERUM 30ML,2025-06,0,0
1206,105928,RETRIEVE ONE 1% RETINOL SERUM 30ML,2025-07,48,"2,180"
1207,105928,RETRIEVE ONE 1% RETINOL SERUM 30ML,2025-08,0,0
1208,105928,RETRIEVE ONE 1% RETINOL SERUM 30ML,2025-09,0,0
1209,105928,RETRIEVE ONE 1% RETINOL SERUM 30ML,2025-10,0,0
1210,105928,RETRIEVE ONE 1% RETINOL SERUM 30ML,2025-11,0,0
1211,105928,RETRIEVE ONE 1% RETINOL SERUM 30ML,2025-12,48,"2,180"
1212,105928,RETRIEVE ONE 1% RETINOL SERUM 30ML,2026-01,0,0
1213,105928,RETRIEVE ONE 1% RETINOL SERUM 30ML,2026-02,48,"2,180"
1214,105928,RETRIEVE ONE 1% RETINOL SERUM 30ML,2026-03,0,0
1215,105935,BETADINE CLEAR ANTISEP SPRAY 30ML ID,2024-01,0,0
1216,105935,BETADINE CLEAR ANTISEP SPRAY 30ML ID,2024-02,0,0
1217,105935,BETADINE CLEAR ANTISEP SPRAY 30ML ID,2024-03,0,0
1218,105935,BETADINE CLEAR ANTISEP SPRAY 30ML ID,2024-04,0,0
1219,105935,BETADINE CLEAR ANTISEP SPRAY 30ML ID,2024-05,0,0
1220,105935,BETADINE CLEAR ANTISEP SPRAY 30ML ID,2024-06,0,0
1221,105935,BETADINE CLEAR ANTISEP SPRAY 30ML ID,2024-07,0,0
1222,105935,BETADINE CLEAR ANTISEP SPRAY 30ML ID,2024-08,0,0
1223,105935,BETADINE CLEAR ANTISEP SPRAY 30ML ID,2024-09,0,0
1224,105935,BETADINE CLEAR ANTISEP SPRAY 30ML ID,2024-10,0,0
1225,105935,BETADINE CLEAR ANTISEP SPRAY 30ML ID,2024-11,0,0
1226,105935,BETADINE CLEAR ANTISEP SPRAY 30ML ID,2024-12,0,0
1227,105935,BETADINE CLEAR ANTISEP SPRAY 30ML ID,2025-01,0,0
1228,105935,BETADINE CLEAR ANTISEP SPRAY 30ML ID,2025-02,0,0
1229,105935,BETADINE CLEAR ANTISEP SPRAY 30ML ID,2025-03,0,0
1230,105935,BETADINE CLEAR ANTISEP SPRAY 30ML ID,2025-04,0,0
1231,105935,BETADINE CLEAR ANTISEP SPRAY 30ML ID,2025-05,0,0
1232,105935,BETADINE CLEAR ANTISEP SPRAY 30ML ID,2025-06,0,0
1233,105935,BETADINE CLEAR ANTISEP SPRAY 30ML ID,2025-07,0,0
1234,105935,BETADINE CLEAR ANTISEP SPRAY 30ML ID,2025-08,0,0
1235,105935,BETADINE CLEAR ANTISEP SPRAY 30ML ID,2025-09,0,0
1236,105935,BETADINE CLEAR ANTISEP SPRAY 30ML ID,2025-10,0,0
1237,105935,BETADINE CLEAR ANTISEP SPRAY 30ML ID,2025-11,"7,500","18,696"
1238,105935,BETADINE CLEAR ANTISEP SPRAY 30ML ID,2025-12,"21,504","52,526"
1239,105935,BETADINE CLEAR ANTISEP SPRAY 30ML ID,2026-01,"16,632","40,709"
1240,105935,BETADINE CLEAR ANTISEP SPRAY 30ML ID,2026-02,"14,112","34,659"
1241,105935,BETADINE CLEAR ANTISEP SPRAY 30ML ID,2026-03,"6,437","15,728"
1242,105936,BETADINE CLEAR ANTISEP GEL 10ML ID,2024-01,0,0
1243,105936,BETADINE CLEAR ANTISEP GEL 10ML ID,2024-02,0,0
1244,105936,BETADINE CLEAR ANTISEP GEL 10ML ID,2024-03,0,0
1245,105936,BETADINE CLEAR ANTISEP GEL 10ML ID,2024-04,0,0
1246,105936,BETADINE CLEAR ANTISEP GEL 10ML ID,2024-05,0,0
1247,105936,BETADINE CLEAR ANTISEP GEL 10ML ID,2024-06,0,0
1248,105936,BETADINE CLEAR ANTISEP GEL 10ML ID,2024-07,0,0
1249,105936,BETADINE CLEAR ANTISEP GEL 10ML ID,2024-08,0,0
1250,105936,BETADINE CLEAR ANTISEP GEL 10ML ID,2024-09,0,0
1251,105936,BETADINE CLEAR ANTISEP GEL 10ML ID,2024-10,0,0
1252,105936,BETADINE CLEAR ANTISEP GEL 10ML ID,2024-11,0,0
1253,105936,BETADINE CLEAR ANTISEP GEL 10ML ID,2024-12,0,0
1254,105936,BETADINE CLEAR ANTISEP GEL 10ML ID,2025-01,0,0
1255,105936,BETADINE CLEAR ANTISEP GEL 10ML ID,2025-02,0,0
1256,105936,BETADINE CLEAR ANTISEP GEL 10ML ID,2025-03,0,0
1257,105936,BETADINE CLEAR ANTISEP GEL 10ML ID,2025-04,0,0
1258,105936,BETADINE CLEAR ANTISEP GEL 10ML ID,2025-05,0,0
1259,105936,BETADINE CLEAR ANTISEP GEL 10ML ID,2025-06,0,0
1260,105936,BETADINE CLEAR ANTISEP GEL 10ML ID,2025-07,0,0
1261,105936,BETADINE CLEAR ANTISEP GEL 10ML ID,2025-08,0,0
1262,105936,BETADINE CLEAR ANTISEP GEL 10ML ID,2025-09,0,0
1263,105936,BETADINE CLEAR ANTISEP GEL 10ML ID,2025-10,0,0
1264,105936,BETADINE CLEAR ANTISEP GEL 10ML ID,2025-11,"9,800","19,543"
1265,105936,BETADINE CLEAR ANTISEP GEL 10ML ID,2025-12,"13,120","25,594"
1266,105936,BETADINE CLEAR ANTISEP GEL 10ML ID,2026-01,"11,890","23,323"
1267,105936,BETADINE CLEAR ANTISEP GEL 10ML ID,2026-02,"10,130","19,964"
1268,105936,BETADINE CLEAR ANTISEP GEL 10ML ID,2026-03,"3,340","6,596"
1269,105937,DIFFLAM ELDERBERRY M BERRY DROP 8 SG,2024-01,0,0
1270,105937,DIFFLAM ELDERBERRY M BERRY DROP 8 SG,2024-02,0,0
1271,105937,DIFFLAM ELDERBERRY M BERRY DROP 8 SG,2024-03,0,0
1272,105937,DIFFLAM ELDERBERRY M BERRY DROP 8 SG,2024-04,0,0
1273,105937,DIFFLAM ELDERBERRY M BERRY DROP 8 SG,2024-05,0,0
1274,105937,DIFFLAM ELDERBERRY M BERRY DROP 8 SG,2024-06,0,0
1275,105937,DIFFLAM ELDERBERRY M BERRY DROP 8 SG,2024-07,0,0
1276,105937,DIFFLAM ELDERBERRY M BERRY DROP 8 SG,2024-08,0,0
1277,105937,DIFFLAM ELDERBERRY M BERRY DROP 8 SG,2024-09,0,0
1278,105937,DIFFLAM ELDERBERRY M BERRY DROP 8 SG,2024-10,0,0
1279,105937,DIFFLAM ELDERBERRY M BERRY DROP 8 SG,2024-11,0,0
1280,105937,DIFFLAM ELDERBERRY M BERRY DROP 8 SG,2024-12,0,0
1281,105937,DIFFLAM ELDERBERRY M BERRY DROP 8 SG,2025-01,0,0
1282,105937,DIFFLAM ELDERBERRY M BERRY DROP 8 SG,2025-02,0,0
1283,105937,DIFFLAM ELDERBERRY M BERRY DROP 8 SG,2025-03,0,0
1284,105937,DIFFLAM ELDERBERRY M BERRY DROP 8 SG,2025-04,0,0
1285,105937,DIFFLAM ELDERBERRY M BERRY DROP 8 SG,2025-05,0,0
1286,105937,DIFFLAM ELDERBERRY M BERRY DROP 8 SG,2025-06,0,0
1287,105937,DIFFLAM ELDERBERRY M BERRY DROP 8 SG,2025-07,0,0
1288,105937,DIFFLAM ELDERBERRY M BERRY DROP 8 SG,2025-08,"12,960","29,448"
1289,105937,DIFFLAM ELDERBERRY M BERRY DROP 8 SG,2025-09,"5,184","11,779"
1290,105937,DIFFLAM ELDERBERRY M BERRY DROP 8 SG,2025-10,0,0
1291,105937,DIFFLAM ELDERBERRY M BERRY DROP 8 SG,2025-11,0,0
1292,105937,DIFFLAM ELDERBERRY M BERRY DROP 8 SG,2025-12,0,0
1293,105937,DIFFLAM ELDERBERRY M BERRY DROP 8 SG,2026-01,"5,184","12,021"
1294,105937,DIFFLAM ELDERBERRY M BERRY DROP 8 SG,2026-02,0,0
1295,105937,DIFFLAM ELDERBERRY M BERRY DROP 8 SG,2026-03,0,0
1296,105938,DIFFLAM ELDERBERRY M BERRY DROP18 SG,2024-01,0,0
1297,105938,DIFFLAM ELDERBERRY M BERRY DROP18 SG,2024-02,0,0
1298,105938,DIFFLAM ELDERBERRY M BERRY DROP18 SG,2024-03,0,0
1299,105938,DIFFLAM ELDERBERRY M BERRY DROP18 SG,2024-04,0,0
1300,105938,DIFFLAM ELDERBERRY M BERRY DROP18 SG,2024-05,0,0
1301,105938,DIFFLAM ELDERBERRY M BERRY DROP18 SG,2024-06,0,0
1302,105938,DIFFLAM ELDERBERRY M BERRY DROP18 SG,2024-07,0,0
1303,105938,DIFFLAM ELDERBERRY M BERRY DROP18 SG,2024-08,0,0
1304,105938,DIFFLAM ELDERBERRY M BERRY DROP18 SG,2024-09,0,0
1305,105938,DIFFLAM ELDERBERRY M BERRY DROP18 SG,2024-10,0,0
1306,105938,DIFFLAM ELDERBERRY M BERRY DROP18 SG,2024-11,0,0
1307,105938,DIFFLAM ELDERBERRY M BERRY DROP18 SG,2024-12,0,0
1308,105938,DIFFLAM ELDERBERRY M BERRY DROP18 SG,2025-01,0,0
1309,105938,DIFFLAM ELDERBERRY M BERRY DROP18 SG,2025-02,0,0
1310,105938,DIFFLAM ELDERBERRY M BERRY DROP18 SG,2025-03,0,0
1311,105938,DIFFLAM ELDERBERRY M BERRY DROP18 SG,2025-04,0,0
1312,105938,DIFFLAM ELDERBERRY M BERRY DROP18 SG,2025-05,0,0
1313,105938,DIFFLAM ELDERBERRY M BERRY DROP18 SG,2025-06,0,0
1314,105938,DIFFLAM ELDERBERRY M BERRY DROP18 SG,2025-07,0,0
1315,105938,DIFFLAM ELDERBERRY M BERRY DROP18 SG,2025-08,"7,776","33,771"
1316,105938,DIFFLAM ELDERBERRY M BERRY DROP18 SG,2025-09,"8,424","36,585"
1317,105938,DIFFLAM ELDERBERRY M BERRY DROP18 SG,2025-10,0,0
1318,105938,DIFFLAM ELDERBERRY M BERRY DROP18 SG,2025-11,"16,956","73,639"
1319,105938,DIFFLAM ELDERBERRY M BERRY DROP18 SG,2025-12,0,0
1320,105938,DIFFLAM ELDERBERRY M BERRY DROP18 SG,2026-01,"6,479","28,717"
1321,105938,DIFFLAM ELDERBERRY M BERRY DROP18 SG,2026-02,"7,776","33,771"
1322,105938,DIFFLAM ELDERBERRY M BERRY DROP18 SG,2026-03,"10,368","45,028"
1323,105939,DIFFLAM MANUKA HONEY DROP 8 SG,2024-01,0,0
1324,105939,DIFFLAM MANUKA HONEY DROP 8 SG,2024-02,0,0
1325,105939,DIFFLAM MANUKA HONEY DROP 8 SG,2024-03,0,0
1326,105939,DIFFLAM MANUKA HONEY DROP 8 SG,2024-04,0,0
1327,105939,DIFFLAM MANUKA HONEY DROP 8 SG,2024-05,0,0
1328,105939,DIFFLAM MANUKA HONEY DROP 8 SG,2024-06,0,0
1329,105939,DIFFLAM MANUKA HONEY DROP 8 SG,2024-07,0,0
1330,105939,DIFFLAM MANUKA HONEY DROP 8 SG,2024-08,0,0
1331,105939,DIFFLAM MANUKA HONEY DROP 8 SG,2024-09,0,0
1332,105939,DIFFLAM MANUKA HONEY DROP 8 SG,2024-10,0,0
1333,105939,DIFFLAM MANUKA HONEY DROP 8 SG,2024-11,0,0
1334,105939,DIFFLAM MANUKA HONEY DROP 8 SG,2024-12,0,0
1335,105939,DIFFLAM MANUKA HONEY DROP 8 SG,2025-01,0,0
1336,105939,DIFFLAM MANUKA HONEY DROP 8 SG,2025-02,0,0
1337,105939,DIFFLAM MANUKA HONEY DROP 8 SG,2025-03,0,0
1338,105939,DIFFLAM MANUKA HONEY DROP 8 SG,2025-04,0,0
1339,105939,DIFFLAM MANUKA HONEY DROP 8 SG,2025-05,0,0
1340,105939,DIFFLAM MANUKA HONEY DROP 8 SG,2025-06,0,0
1341,105939,DIFFLAM MANUKA HONEY DROP 8 SG,2025-07,0,0
1342,105939,DIFFLAM MANUKA HONEY DROP 8 SG,2025-08,"12,960","29,448"
1343,105939,DIFFLAM MANUKA HONEY DROP 8 SG,2025-09,"5,184","11,779"
1344,105939,DIFFLAM MANUKA HONEY DROP 8 SG,2025-10,0,0
1345,105939,DIFFLAM MANUKA HONEY DROP 8 SG,2025-11,0,0
1346,105939,DIFFLAM MANUKA HONEY DROP 8 SG,2025-12,0,0
1347,105939,DIFFLAM MANUKA HONEY DROP 8 SG,2026-01,"5,184","12,021"
1348,105939,DIFFLAM MANUKA HONEY DROP 8 SG,2026-02,0,0
1349,105939,DIFFLAM MANUKA HONEY DROP 8 SG,2026-03,0,0
1350,105940,DIFFLAM MANUKA HONEY DROP 18 SG,2024-01,0,0
1351,105940,DIFFLAM MANUKA HONEY DROP 18 SG,2024-02,0,0
1352,105940,DIFFLAM MANUKA HONEY DROP 18 SG,2024-03,0,0
1353,105940,DIFFLAM MANUKA HONEY DROP 18 SG,2024-04,0,0
1354,105940,DIFFLAM MANUKA HONEY DROP 18 SG,2024-05,0,0
1355,105940,DIFFLAM MANUKA HONEY DROP 18 SG,2024-06,0,0
1356,105940,DIFFLAM MANUKA HONEY DROP 18 SG,2024-07,0,0
1357,105940,DIFFLAM MANUKA HONEY DROP 18 SG,2024-08,0,0
1358,105940,DIFFLAM MANUKA HONEY DROP 18 SG,2024-09,0,0
1359,105940,DIFFLAM MANUKA HONEY DROP 18 SG,2024-10,0,0
1360,105940,DIFFLAM MANUKA HONEY DROP 18 SG,2024-11,0,0
1361,105940,DIFFLAM MANUKA HONEY DROP 18 SG,2024-12,0,0
1362,105940,DIFFLAM MANUKA HONEY DROP 18 SG,2025-01,0,0
1363,105940,DIFFLAM MANUKA HONEY DROP 18 SG,2025-02,0,0
1364,105940,DIFFLAM MANUKA HONEY DROP 18 SG,2025-03,0,0
1365,105940,DIFFLAM MANUKA HONEY DROP 18 SG,2025-04,0,0
1366,105940,DIFFLAM MANUKA HONEY DROP 18 SG,2025-05,0,0
1367,105940,DIFFLAM MANUKA HONEY DROP 18 SG,2025-06,0,0
1368,105940,DIFFLAM MANUKA HONEY DROP 18 SG,2025-07,0,0
1369,105940,DIFFLAM MANUKA HONEY DROP 18 SG,2025-08,"7,776","33,771"
1370,105940,DIFFLAM MANUKA HONEY DROP 18 SG,2025-09,"8,208","35,647"
1371,105940,DIFFLAM MANUKA HONEY DROP 18 SG,2025-10,0,0
1372,105940,DIFFLAM MANUKA HONEY DROP 18 SG,2025-11,"16,416","71,294"
1373,105940,DIFFLAM MANUKA HONEY DROP 18 SG,2025-12,0,0
1374,105940,DIFFLAM MANUKA HONEY DROP 18 SG,2026-01,"16,415","72,756"
1375,105940,DIFFLAM MANUKA HONEY DROP 18 SG,2026-02,"9,072","39,399"
1376,105940,DIFFLAM MANUKA HONEY DROP 18 SG,2026-03,"6,480","28,142"
1377,105945,FLUGON COLD&FLU D/N SUPPORT TAB24 SA,2024-01,0,0
1378,105945,FLUGON COLD&FLU D/N SUPPORT TAB24 SA,2024-02,0,0
1379,105945,FLUGON COLD&FLU D/N SUPPORT TAB24 SA,2024-03,0,0
1380,105945,FLUGON COLD&FLU D/N SUPPORT TAB24 SA,2024-04,0,0
1381,105945,FLUGON COLD&FLU D/N SUPPORT TAB24 SA,2024-05,0,0
1382,105945,FLUGON COLD&FLU D/N SUPPORT TAB24 SA,2024-06,0,0
1383,105945,FLUGON COLD&FLU D/N SUPPORT TAB24 SA,2024-07,0,0
1384,105945,FLUGON COLD&FLU D/N SUPPORT TAB24 SA,2024-08,0,0
1385,105945,FLUGON COLD&FLU D/N SUPPORT TAB24 SA,2024-09,0,0
1386,105945,FLUGON COLD&FLU D/N SUPPORT TAB24 SA,2024-10,0,0
1387,105945,FLUGON COLD&FLU D/N SUPPORT TAB24 SA,2024-11,0,0
1388,105945,FLUGON COLD&FLU D/N SUPPORT TAB24 SA,2024-12,0,0
1389,105945,FLUGON COLD&FLU D/N SUPPORT TAB24 SA,2025-01,0,0
1390,105945,FLUGON COLD&FLU D/N SUPPORT TAB24 SA,2025-02,0,0
1391,105945,FLUGON COLD&FLU D/N SUPPORT TAB24 SA,2025-03,0,0
1392,105945,FLUGON COLD&FLU D/N SUPPORT TAB24 SA,2025-04,0,0
1393,105945,FLUGON COLD&FLU D/N SUPPORT TAB24 SA,2025-05,"4,356","27,936"
1394,105945,FLUGON COLD&FLU D/N SUPPORT TAB24 SA,2025-06,"4,081","21,426"
1395,105945,FLUGON COLD&FLU D/N SUPPORT TAB24 SA,2025-07,928,"3,124"
1396,105945,FLUGON COLD&FLU D/N SUPPORT TAB24 SA,2025-08,"1,002","3,482"
1397,105945,FLUGON COLD&FLU D/N SUPPORT TAB24 SA,2025-09,"1,166","6,266"
1398,105945,FLUGON COLD&FLU D/N SUPPORT TAB24 SA,2025-10,723,"4,778"
1399,105945,FLUGON COLD&FLU D/N SUPPORT TAB24 SA,2025-11,557,"2,630"
1400,105945,FLUGON COLD&FLU D/N SUPPORT TAB24 SA,2025-12,768,"7,160"
1401,105945,FLUGON COLD&FLU D/N SUPPORT TAB24 SA,2026-01,871,"3,769"
1402,105945,FLUGON COLD&FLU D/N SUPPORT TAB24 SA,2026-02,"1,442","8,535"
1403,105945,FLUGON COLD&FLU D/N SUPPORT TAB24 SA,2026-03,0,0
1404,105964,SENOKOT LAXATIVE GUMMIES 60S CA,2024-01,0,0
1405,105964,SENOKOT LAXATIVE GUMMIES 60S CA,2024-02,0,0
1406,105964,SENOKOT LAXATIVE GUMMIES 60S CA,2024-03,0,0
1407,105964,SENOKOT LAXATIVE GUMMIES 60S CA,2024-04,0,0
1408,105964,SENOKOT LAXATIVE GUMMIES 60S CA,2024-05,0,0
1409,105964,SENOKOT LAXATIVE GUMMIES 60S CA,2024-06,0,0
1410,105964,SENOKOT LAXATIVE GUMMIES 60S CA,2024-07,0,0
1411,105964,SENOKOT LAXATIVE GUMMIES 60S CA,2024-08,0,0
1412,105964,SENOKOT LAXATIVE GUMMIES 60S CA,2024-09,0,0
1413,105964,SENOKOT LAXATIVE GUMMIES 60S CA,2024-10,0,0
1414,105964,SENOKOT LAXATIVE GUMMIES 60S CA,2024-11,0,0
1415,105964,SENOKOT LAXATIVE GUMMIES 60S CA,2024-12,0,0
1416,105964,SENOKOT LAXATIVE GUMMIES 60S CA,2025-01,0,0
1417,105964,SENOKOT LAXATIVE GUMMIES 60S CA,2025-02,0,0
1418,105964,SENOKOT LAXATIVE GUMMIES 60S CA,2025-03,0,0
1419,105964,SENOKOT LAXATIVE GUMMIES 60S CA,2025-04,0,0
1420,105964,SENOKOT LAXATIVE GUMMIES 60S CA,2025-05,0,0
1421,105964,SENOKOT LAXATIVE GUMMIES 60S CA,2025-06,0,0
1422,105964,SENOKOT LAXATIVE GUMMIES 60S CA,2025-07,"19,644","222,870"
1423,105964,SENOKOT LAXATIVE GUMMIES 60S CA,2025-08,0,0
1424,105964,SENOKOT LAXATIVE GUMMIES 60S CA,2025-09,0,0
1425,105964,SENOKOT LAXATIVE GUMMIES 60S CA,2025-10,"4,980","56,500"
1426,105964,SENOKOT LAXATIVE GUMMIES 60S CA,2025-11,0,0
1427,105964,SENOKOT LAXATIVE GUMMIES 60S CA,2025-12,"32,997","374,366"
1428,105964,SENOKOT LAXATIVE GUMMIES 60S CA,2026-01,0,0
1429,105964,SENOKOT LAXATIVE GUMMIES 60S CA,2026-02,0,0
1430,105964,SENOKOT LAXATIVE GUMMIES 60S CA,2026-03,0,0
1431,105965,PREGOMEGA PLATINUM TAB 30 SA,2024-01,0,0
1432,105965,PREGOMEGA PLATINUM TAB 30 SA,2024-02,0,0
1433,105965,PREGOMEGA PLATINUM TAB 30 SA,2024-03,0,0
1434,105965,PREGOMEGA PLATINUM TAB 30 SA,2024-04,0,0
1435,105965,PREGOMEGA PLATINUM TAB 30 SA,2024-05,0,0
1436,105965,PREGOMEGA PLATINUM TAB 30 SA,2024-06,0,0
1437,105965,PREGOMEGA PLATINUM TAB 30 SA,2024-07,0,0
1438,105965,PREGOMEGA PLATINUM TAB 30 SA,2024-08,0,0
1439,105965,PREGOMEGA PLATINUM TAB 30 SA,2024-09,0,0
1440,105965,PREGOMEGA PLATINUM TAB 30 SA,2024-10,0,0
1441,105965,PREGOMEGA PLATINUM TAB 30 SA,2024-11,0,0
1442,105965,PREGOMEGA PLATINUM TAB 30 SA,2024-12,0,0
1443,105965,PREGOMEGA PLATINUM TAB 30 SA,2025-01,0,0
1444,105965,PREGOMEGA PLATINUM TAB 30 SA,2025-02,0,0
1445,105965,PREGOMEGA PLATINUM TAB 30 SA,2025-03,0,0
1446,105965,PREGOMEGA PLATINUM TAB 30 SA,2025-04,0,0
1447,105965,PREGOMEGA PLATINUM TAB 30 SA,2025-05,0,0
1448,105965,PREGOMEGA PLATINUM TAB 30 SA,2025-06,0,0
1449,105965,PREGOMEGA PLATINUM TAB 30 SA,2025-07,0,0
1450,105965,PREGOMEGA PLATINUM TAB 30 SA,2025-08,"5,621","103,995"
1451,105965,PREGOMEGA PLATINUM TAB 30 SA,2025-09,"2,451","45,375"
1452,105965,PREGOMEGA PLATINUM TAB 30 SA,2025-10,522,"9,310"
1453,105965,PREGOMEGA PLATINUM TAB 30 SA,2025-11,271,"4,782"
1454,105965,PREGOMEGA PLATINUM TAB 30 SA,2025-12,"1,957","36,246"
1455,105965,PREGOMEGA PLATINUM TAB 30 SA,2026-01,"2,400","32,573"
1456,105965,PREGOMEGA PLATINUM TAB 30 SA,2026-02,"2,853","49,404"
1457,105965,PREGOMEGA PLATINUM TAB 30 SA,2026-03,0,0
1458,105966,DEMAZIN 2% ITCH RELIEF CREAM 25G SA,2024-01,0,0
1459,105966,DEMAZIN 2% ITCH RELIEF CREAM 25G SA,2024-02,0,0
1460,105966,DEMAZIN 2% ITCH RELIEF CREAM 25G SA,2024-03,0,0
1461,105966,DEMAZIN 2% ITCH RELIEF CREAM 25G SA,2024-04,0,0
1462,105966,DEMAZIN 2% ITCH RELIEF CREAM 25G SA,2024-05,0,0
1463,105966,DEMAZIN 2% ITCH RELIEF CREAM 25G SA,2024-06,0,0
1464,105966,DEMAZIN 2% ITCH RELIEF CREAM 25G SA,2024-07,0,0
1465,105966,DEMAZIN 2% ITCH RELIEF CREAM 25G SA,2024-08,0,0
1466,105966,DEMAZIN 2% ITCH RELIEF CREAM 25G SA,2024-09,0,0
1467,105966,DEMAZIN 2% ITCH RELIEF CREAM 25G SA,2024-10,0,0
1468,105966,DEMAZIN 2% ITCH RELIEF CREAM 25G SA,2024-11,0,0
1469,105966,DEMAZIN 2% ITCH RELIEF CREAM 25G SA,2024-12,0,0
1470,105966,DEMAZIN 2% ITCH RELIEF CREAM 25G SA,2025-01,0,0
1471,105966,DEMAZIN 2% ITCH RELIEF CREAM 25G SA,2025-02,0,0
1472,105966,DEMAZIN 2% ITCH RELIEF CREAM 25G SA,2025-03,0,0
1473,105966,DEMAZIN 2% ITCH RELIEF CREAM 25G SA,2025-04,0,0
1474,105966,DEMAZIN 2% ITCH RELIEF CREAM 25G SA,2025-05,0,0
1475,105966,DEMAZIN 2% ITCH RELIEF CREAM 25G SA,2025-06,0,0
1476,105966,DEMAZIN 2% ITCH RELIEF CREAM 25G SA,2025-07,0,0
1477,105966,DEMAZIN 2% ITCH RELIEF CREAM 25G SA,2025-08,0,0
1478,105966,DEMAZIN 2% ITCH RELIEF CREAM 25G SA,2025-09,"4,849","27,844"
1479,105966,DEMAZIN 2% ITCH RELIEF CREAM 25G SA,2025-10,"8,166","9,215"
1480,105966,DEMAZIN 2% ITCH RELIEF CREAM 25G SA,2025-11,"5,073","-1,143"
1481,105966,DEMAZIN 2% ITCH RELIEF CREAM 25G SA,2025-12,"6,041","10,555"
1482,105966,DEMAZIN 2% ITCH RELIEF CREAM 25G SA,2026-01,"17,559","23,439"
1483,105966,DEMAZIN 2% ITCH RELIEF CREAM 25G SA,2026-02,"5,330","6,038"
1484,105966,DEMAZIN 2% ITCH RELIEF CREAM 25G SA,2026-03,0,0
1485,105972,ISODINE CLEAR GARGLE APPLE 400ML JP,2024-01,0,0
1486,105972,ISODINE CLEAR GARGLE APPLE 400ML JP,2024-02,0,0
1487,105972,ISODINE CLEAR GARGLE APPLE 400ML JP,2024-03,0,0
1488,105972,ISODINE CLEAR GARGLE APPLE 400ML JP,2024-04,0,0
1489,105972,ISODINE CLEAR GARGLE APPLE 400ML JP,2024-05,0,0
1490,105972,ISODINE CLEAR GARGLE APPLE 400ML JP,2024-06,0,0
1491,105972,ISODINE CLEAR GARGLE APPLE 400ML JP,2024-07,0,0
1492,105972,ISODINE CLEAR GARGLE APPLE 400ML JP,2024-08,0,0
1493,105972,ISODINE CLEAR GARGLE APPLE 400ML JP,2024-09,0,0
1494,105972,ISODINE CLEAR GARGLE APPLE 400ML JP,2024-10,0,0
1495,105972,ISODINE CLEAR GARGLE APPLE 400ML JP,2024-11,0,0
1496,105972,ISODINE CLEAR GARGLE APPLE 400ML JP,2024-12,0,0
1497,105972,ISODINE CLEAR GARGLE APPLE 400ML JP,2025-01,0,0
1498,105972,ISODINE CLEAR GARGLE APPLE 400ML JP,2025-02,0,0
1499,105972,ISODINE CLEAR GARGLE APPLE 400ML JP,2025-03,0,0
1500,105972,ISODINE CLEAR GARGLE APPLE 400ML JP,2025-04,0,0
1501,105972,ISODINE CLEAR GARGLE APPLE 400ML JP,2025-05,0,0
1502,105972,ISODINE CLEAR GARGLE APPLE 400ML JP,2025-06,0,0
1503,105972,ISODINE CLEAR GARGLE APPLE 400ML JP,2025-07,"56,667","435,477"
1504,105972,ISODINE CLEAR GARGLE APPLE 400ML JP,2025-08,"28,407","218,303"
1505,105972,ISODINE CLEAR GARGLE APPLE 400ML JP,2025-09,"57,131","439,042"
1506,105972,ISODINE CLEAR GARGLE APPLE 400ML JP,2025-10,0,0
1507,105972,ISODINE CLEAR GARGLE APPLE 400ML JP,2025-11,0,0
1508,105972,ISODINE CLEAR GARGLE APPLE 400ML JP,2025-12,"42,758","328,588"
1509,105972,ISODINE CLEAR GARGLE APPLE 400ML JP,2026-01,0,0
1510,105972,ISODINE CLEAR GARGLE APPLE 400ML JP,2026-02,0,0
1511,105972,ISODINE CLEAR GARGLE APPLE 400ML JP,2026-03,0,0
1512,105973,ISODINE CLEAR GARGLE MINT 400ML JP,2024-01,0,0
1513,105973,ISODINE CLEAR GARGLE MINT 400ML JP,2024-02,0,0
1514,105973,ISODINE CLEAR GARGLE MINT 400ML JP,2024-03,0,0
1515,105973,ISODINE CLEAR GARGLE MINT 400ML JP,2024-04,0,0
1516,105973,ISODINE CLEAR GARGLE MINT 400ML JP,2024-05,0,0
1517,105973,ISODINE CLEAR GARGLE MINT 400ML JP,2024-06,0,0
1518,105973,ISODINE CLEAR GARGLE MINT 400ML JP,2024-07,0,0
1519,105973,ISODINE CLEAR GARGLE MINT 400ML JP,2024-08,0,0
1520,105973,ISODINE CLEAR GARGLE MINT 400ML JP,2024-09,0,0
1521,105973,ISODINE CLEAR GARGLE MINT 400ML JP,2024-10,0,0
1522,105973,ISODINE CLEAR GARGLE MINT 400ML JP,2024-11,0,0
1523,105973,ISODINE CLEAR GARGLE MINT 400ML JP,2024-12,0,0
1524,105973,ISODINE CLEAR GARGLE MINT 400ML JP,2025-01,0,0
1525,105973,ISODINE CLEAR GARGLE MINT 400ML JP,2025-02,0,0
1526,105973,ISODINE CLEAR GARGLE MINT 400ML JP,2025-03,0,0
1527,105973,ISODINE CLEAR GARGLE MINT 400ML JP,2025-04,0,0
1528,105973,ISODINE CLEAR GARGLE MINT 400ML JP,2025-05,0,0
1529,105973,ISODINE CLEAR GARGLE MINT 400ML JP,2025-06,0,0
1530,105973,ISODINE CLEAR GARGLE MINT 400ML JP,2025-07,"56,752","436,130"
1531,105973,ISODINE CLEAR GARGLE MINT 400ML JP,2025-08,"28,396","218,219"
1532,105973,ISODINE CLEAR GARGLE MINT 400ML JP,2025-09,"42,624","327,558"
1533,105973,ISODINE CLEAR GARGLE MINT 400ML JP,2025-10,"28,522","219,187"
1534,105973,ISODINE CLEAR GARGLE MINT 400ML JP,2025-11,"42,549","326,982"
1535,105973,ISODINE CLEAR GARGLE MINT 400ML JP,2025-12,0,0
1536,105973,ISODINE CLEAR GARGLE MINT 400ML JP,2026-01,0,0
1537,105973,ISODINE CLEAR GARGLE MINT 400ML JP,2026-02,0,0
1538,105973,ISODINE CLEAR GARGLE MINT 400ML JP,2026-03,0,0
1539,106056,DEMAZIN FLU EFFERVESCENT TAB 24 SA,2024-01,0,0
1540,106056,DEMAZIN FLU EFFERVESCENT TAB 24 SA,2024-02,0,0
1541,106056,DEMAZIN FLU EFFERVESCENT TAB 24 SA,2024-03,0,0
1542,106056,DEMAZIN FLU EFFERVESCENT TAB 24 SA,2024-04,0,0
1543,106056,DEMAZIN FLU EFFERVESCENT TAB 24 SA,2024-05,0,0
1544,106056,DEMAZIN FLU EFFERVESCENT TAB 24 SA,2024-06,0,0
1545,106056,DEMAZIN FLU EFFERVESCENT TAB 24 SA,2024-07,0,0
1546,106056,DEMAZIN FLU EFFERVESCENT TAB 24 SA,2024-08,0,0
1547,106056,DEMAZIN FLU EFFERVESCENT TAB 24 SA,2024-09,0,0
1548,106056,DEMAZIN FLU EFFERVESCENT TAB 24 SA,2024-10,0,0
1549,106056,DEMAZIN FLU EFFERVESCENT TAB 24 SA,2024-11,0,0
1550,106056,DEMAZIN FLU EFFERVESCENT TAB 24 SA,2024-12,0,0
1551,106056,DEMAZIN FLU EFFERVESCENT TAB 24 SA,2025-01,0,0
1552,106056,DEMAZIN FLU EFFERVESCENT TAB 24 SA,2025-02,0,0
1553,106056,DEMAZIN FLU EFFERVESCENT TAB 24 SA,2025-03,0,0
1554,106056,DEMAZIN FLU EFFERVESCENT TAB 24 SA,2025-04,0,0
1555,106056,DEMAZIN FLU EFFERVESCENT TAB 24 SA,2025-05,0,0
1556,106056,DEMAZIN FLU EFFERVESCENT TAB 24 SA,2025-06,0,0
1557,106056,DEMAZIN FLU EFFERVESCENT TAB 24 SA,2025-07,0,0
1558,106056,DEMAZIN FLU EFFERVESCENT TAB 24 SA,2025-08,0,0
1559,106056,DEMAZIN FLU EFFERVESCENT TAB 24 SA,2025-09,0,0
1560,106056,DEMAZIN FLU EFFERVESCENT TAB 24 SA,2025-10,0,0
1561,106056,DEMAZIN FLU EFFERVESCENT TAB 24 SA,2025-11,"3,447","41,534"
1562,106056,DEMAZIN FLU EFFERVESCENT TAB 24 SA,2025-12,338,"4,290"
1563,106056,DEMAZIN FLU EFFERVESCENT TAB 24 SA,2026-01,306,"2,656"
1564,106056,DEMAZIN FLU EFFERVESCENT TAB 24 SA,2026-02,300,"3,195"
1565,106056,DEMAZIN FLU EFFERVESCENT TAB 24 SA,2026-03,0,0
1566,106060,FERROUS FORTE SOMAL CAPSULE 30 SA,2024-01,0,0
1567,106060,FERROUS FORTE SOMAL CAPSULE 30 SA,2024-02,0,0
1568,106060,FERROUS FORTE SOMAL CAPSULE 30 SA,2024-03,0,0
1569,106060,FERROUS FORTE SOMAL CAPSULE 30 SA,2024-04,0,0
1570,106060,FERROUS FORTE SOMAL CAPSULE 30 SA,2024-05,0,0
1571,106060,FERROUS FORTE SOMAL CAPSULE 30 SA,2024-06,0,0
1572,106060,FERROUS FORTE SOMAL CAPSULE 30 SA,2024-07,0,0
1573,106060,FERROUS FORTE SOMAL CAPSULE 30 SA,2024-08,0,0
1574,106060,FERROUS FORTE SOMAL CAPSULE 30 SA,2024-09,0,0
1575,106060,FERROUS FORTE SOMAL CAPSULE 30 SA,2024-10,0,0
1576,106060,FERROUS FORTE SOMAL CAPSULE 30 SA,2024-11,0,0
1577,106060,FERROUS FORTE SOMAL CAPSULE 30 SA,2024-12,0,0
1578,106060,FERROUS FORTE SOMAL CAPSULE 30 SA,2025-01,0,0
1579,106060,FERROUS FORTE SOMAL CAPSULE 30 SA,2025-02,0,0
1580,106060,FERROUS FORTE SOMAL CAPSULE 30 SA,2025-03,0,0
1581,106060,FERROUS FORTE SOMAL CAPSULE 30 SA,2025-04,0,0
1582,106060,FERROUS FORTE SOMAL CAPSULE 30 SA,2025-05,0,0
1583,106060,FERROUS FORTE SOMAL CAPSULE 30 SA,2025-06,0,0
1584,106060,FERROUS FORTE SOMAL CAPSULE 30 SA,2025-07,0,0
1585,106060,FERROUS FORTE SOMAL CAPSULE 30 SA,2025-08,0,0
1586,106060,FERROUS FORTE SOMAL CAPSULE 30 SA,2025-09,0,0
1587,106060,FERROUS FORTE SOMAL CAPSULE 30 SA,2025-10,0,0
1588,106060,FERROUS FORTE SOMAL CAPSULE 30 SA,2025-11,0,0
1589,106060,FERROUS FORTE SOMAL CAPSULE 30 SA,2025-12,"2,370","30,985"
1590,106060,FERROUS FORTE SOMAL CAPSULE 30 SA,2026-01,344,"4,362"
1591,106060,FERROUS FORTE SOMAL CAPSULE 30 SA,2026-02,"1,724","20,343"
1592,106060,FERROUS FORTE SOMAL CAPSULE 30 SA,2026-03,0,0
